group_key,x,y,orbits,nodes,node_count
1,-22597.4,-2727.53,0,42761,1
2,-22257.9,-2725.84,0,25092,1
3,-22257,-6513.5,4,41311|2275|63764|25881|13663|4986|15918|46103|44889|63633|23443|33239|23732|35998|21974|47526|35715,17
4,-22256.7,-2244.46,0,11335,1
5,-22167.2,6439.13,0,22541,1
6,-22167.2,6819.83,0,5386,1
7,-22028.3,-2725.84,0,15275,1
8,-22028.3,-2474.27,0,21284,1
9,-21954.6,6074.6,0,57959,1
10,-21954.6,6819.83,0,14960,1
11,-21908.3,-1798.32,0,5571,1
12,-21908.3,-3157.38,0,34313,1
13,-21908.3,-2587.38,0,56505,1
14,-21908.3,-2359.31,0,39659,1
15,-21742.6,6439.13,0,60298,1
16,-21742.6,6819.83,0,47236,1
17,-21530.6,6439.13,0,47184,1
18,-21530.6,6819.83,0,20895,1
19,-21528.1,7558.75,0,64962,1
20,-21471,7718.69,0,110,1
21,-21437.2,-2913.72,0,52374,1
22,-21437.2,-2474.27,0,30904,1
23,-21416.4,-2470.15,,32905|55135,2
24,-21373.2,7868.53,0,22908,1
25,-21318.6,6439.13,0,48537,1
26,-21318.5,6074.6,0,63401,1
27,-21238.3,7993.38,0,8525,1
28,-21155.2,4078.1,0,49380,1
29,-21155.2,4441.1,0,58704,1
30,-21155.2,4804.1,0,38769,1
31,-21088.1,3827.93,0,36659,1
32,-21079.7,8080.09,0,9997,1
33,-20998.4,4249.81,0,6127,1
34,-20998.4,4662.96,0,18585,1
35,-20970.1,-3158.38,0,378,1
36,-20970.1,-2587.38,0,4197,1
37,-20970.1,-2359.33,0,37782,1
38,-20970.1,-1798.32,0,47190,1
39,-20909.6,8123.71,0,13772,1
40,-20900.7,3827.89,0,40915,1
41,-20835.8,6799.09,,5852,1
42,-20833.8,5342.08,0,1994,1
43,-20833.7,4078.1,0,48682,1
44,-20833.7,4441.1,0,39411,1
45,-20833.7,5167.88,0,25935,1
46,-20833,4804.1,0,39365,1
47,-20817.8,7459.09,0,9988,1
48,-20726.4,8123.71,0,25438,1
49,-20559.1,8080.09,0,49340,1
50,-20479.7,-3530.3,0,35535,1
51,-20428.6,4748.38,,33812,1
52,-20401.3,7993.38,0,60913,1
53,-20379.9,5421.12,0,47097,1
54,-20376.1,5090.69,0,23005,1
55,-20277.3,7868.53,0,61039,1
56,-20185.1,7718.69,0,20195,1
57,-20110.7,7558.75,0,16276,1
58,-20048.9,-3366.88,0,16204,1
59,-20005.1,5031,0,10072,1
60,-19976.2,5450.01,0,52068,1
61,-19756.1,-6783.25,4,47628|51455|62882|28385|54063|2187|18096|20211|443|32191|49398|15462|9216|21676|45846|23641|26353,17
62,-19751.6,-2934.42,0,42253,1
63,-19751.6,-2501.42,0,33824,1
64,-19474.5,-2267.34,0,54512,1
65,-19209.9,-2933.74,,58646|28022|61722|1855,4
66,-18771.8,-3366.88,0,35762,1
67,-18771.8,-2891.07,0,35920,1
68,-18771.8,-2394.41,0,56933,1
69,-18659.6,3126.31,0,24807,1
70,-18567.2,-3513.86,0,61983,1
71,-18567.2,-2954.17,0,46654,1
72,-18302.1,-3694.04,0,28745,1
73,-18298.9,-3046.83,0,26063,1
74,-18297,-2394.44,0,62523,1
75,-18262.7,2903.41,0,38014,1
76,-18084.8,3412.2,0,42275,1
77,-17823.8,3684.19,4,3762|59540|30115|60634|35453|13715|19424|27418|51690|29323|32534,11
78,-17758.3,4687.11,0,12000,1
79,-17718,4045.96,0,59372,1
80,-17364.3,4461.71,0,56842,1
81,-17313.1,-6714.12,2|4,10763|48905|21448|56468|27155|7659|59905|65044|31686|51122|12040|41624|55300|51742|38100|48936|950,17
82,-16901.8,-2885.56,0|4,20041|33582|13752|31579|19259|60599|35388|39772|55382|44207|59091|39614|12816|6830|2573|35311|28429,17
83,-16868.2,9579.89,3,40246|28539|31425|21343|4615|65098|44561|6207|14143|36598|6799|40358|12261|43012|21651|25495|54579,17
84,-15691.8,7553.92,0|3|4,34881|8532|31553|12389|14199|42816|62672|13434|33810|12004|28460|13216|28814|41136|65136|9842|16732,17
85,-14544.8,9493.43,4,31558|18654|47952|63748|12826|18068|23860|23647|21773|12411|30817|47642|38626|11674|52088|61057|51916,17
86,-12135.7,-1230.15,0|2|3|4,58058|21218|60708|45226|11666|13950|7066|23932|8423|17894,10
87,-11896.8,-1926.84,0,47753,1
88,-11682.6,-5712.79,2|3,36025|57079|44309|44485|829|19966|43385|22221|7553|64139|15842,11
89,-11664.2,614.305,0|3|4,18353|42762|11984|20496|3544|19953|50142|58197|35980,9
90,-11504.9,-1807.32,0,38320,1
91,-11380.7,-3346,0|3|4,28201|56174|1887|10713|16615|10636|38697|20391|16947|18713,10
92,-11338.9,-2050.8,3|4,32845|23630|64819|31746|51868|19794|17885|11392,8
93,-11081.7,-622.395,2,65|36504|55260|19751|15698|35618,6
94,-11072.2,1430.79,0|1|2|3,28589|7395|38670|30007|12565|3245|30300|3188|46051,9
95,-10939.4,88.395,1,55190,1
96,-10916.6,-2156.56,0,41012,1
97,-10708.8,2443.13,0,24630,1
98,-10682.8,445.305,4,1200,1
99,-10667.7,-1117.08,0,28982,1
100,-10654.4,2047.3,2,64489|25162|6952|750,4
101,-10650,-3724.53,0,3348,1
102,-10650,-3509.98,0,48314,1
103,-10648.1,-3316.27,0,43941,1
104,-10615.2,3051.94,0|3|4,17348|11433|15522|13893|11275|42390|44753|63608,8
105,-10594.1,-4757.69,0,440,1
106,-10593.4,-2769.62,0|2|3,14509|589|46399|50820|65472|9323|40395,7
107,-10575.7,-6386.38,0|3,65192|33423|15672|6999|59908|36197|27096|45400|63170|13691,10
108,-10520.3,-3933.98,0,8850,1
109,-10520.3,-3710.82,0,61896,1
110,-10448.6,-3316.27,0,61393,1
111,-10443.8,-4121.17,0,55897,1
112,-10439.9,-3500.92,0|2,50767|20289,2
113,-10437.9,-4316.54,0,14432,1
114,-10401.1,-377.955,1|3,20989|42984|21184|20251,4
115,-10398.4,-2166.4,0,41768,1
116,-10375,-5305.09,1|3|4,17349|5728|23940|14342|49256|14439|58138|46384|33402|58125|6133|10681|27581|50510,14
117,-10371.3,-4590.02,0,55888,1
118,-10368.8,-3710.82,0,53354,1
119,-10368.6,-3933.98,0,33408,1
120,-10364.8,5.965,0,30141,1
121,-10358.7,2132.05,0,59785,1
122,-10266.2,5666.88,2|3|4,14511|54999|64900|30780|53261|18207|17112|5410|4331,9
123,-10252.9,-3509.98,0,36250,1
124,-10251.2,-3312.73,0,56368,1
125,-10248.8,-3724.53,0,49214,1
126,-10240.1,4633.75,0|4,375|12276|14693|13937|13980|17791|526|2645|52829|14832,10
127,-10198.3,3732.13,0,18684,1
128,-10160.4,-4757.69,0,18746,1
129,-10158.4,296.695,0,51749,1
130,-10134.3,-3151.93,0,29611,1
131,-10129,5639.94,0,33590,1
132,-10100.7,1717.72,0|2|3,21291|32836|675|13489|47517,5
133,-10089.3,1201.49,1,11656|9106|53822|54937,4
134,-10073.8,-2358.14,0,37484,1
135,-10026.1,-1117.08,0|3,9352|31295|32071|49111|39190|8800|15427|57379,8
136,-10009.8,3405.64,0,27296,1
137,-9932.89,-7295.29,,31554|49929|31757,3
138,-9927.8,2362.11,0|2|3,51535|18397|55063|8852|4139,5
139,-9903.54,-6537.44,0,9328,1
140,-9903.54,-6355.19,0,58496,1
141,-9851.18,2995.92,2|3,39598|3949|28613|15247|46683,5
142,-9825.21,-3241.28,0|4,1130|50847|33393|42914,4
143,-9791.13,-4500.02,0,32474,1
144,-9765.33,710.665,0|3|4,4442|59886|62313|62034|55931|33939|6872,7
145,-9735.55,-2055.78,1|2,53123|43250|34818|22697|8421|35404|5862|54982,8
146,-9717.96,-6634.67,0,14026,1
147,-9717.96,-6452.32,0,37187,1
148,-9716.02,6484.44,0|2|3|4,55152|42710|65287|56996|9568|41186|58117|13839|5580,9
149,-9701.92,4489.54,0,59777,1
150,-9699.83,-2798.91,0,62670|41497|30554|21164|18245|10055,6
151,-9636.83,3334.63,1|2|3,917|44069|65160|21670|29358,5
152,-9621.33,3036.16,0,30553,1
153,-9598.42,-542.535,0,30457|13293|54416|19236|60274,5
154,-9598.42,3.995,0,18448,1
155,-9524.42,-6101.02,0|2|3,19563|34782|34490|18972,4
156,-9524.42,-5501.21,0,47931,1
157,-9522.16,-6739.15,0,36100,1
158,-9522.16,-6562.27,0,63085,1
159,-9479.92,-3960.99,0,31290|37609|60332|32764|21213,5
160,-9449.45,-4442.32,0,61942,1
161,-9427.5,5442.15,0,53719,1
162,-9363.33,4400.29,0|3,10362|10830|9163|59589|44952|6153|52659,7
163,-9318.59,-6631.85,0,63678,1
164,-9318.59,-6434.75,0,43460,1
165,-9265.01,-2982.99,0,61847,1
166,-9247.14,-875.705,1|2|4,17587|59039|28223|6100|20963,5
167,-9224.21,-4865.33,0|2|3,29098|32549|10727|56237|43588|61835|1825,7
168,-9155.13,-6541.86,0,41935,1
169,-9155.13,-6351.08,0,6735,1
170,-9153.31,-1318.15,2|3|4,33203|55033|17059|6874|34940,5
171,-9079.06,2754.99,0,37846,1
172,-9064.75,362.325,0|2,65154|2575|56757|11292,4
173,-9058.33,-2717.44,0|2,49370|32148|8535|43443,4
174,-9056.17,-2715.81,0,6502,1
175,-9050.55,-3180.38,0,41747,1
176,-9040.02,6723.44,0|2|3,53440|52300|11178|62439|57880|11306|6269|45990|39448|24224,10
177,-8945,1954.01,2|3|4,33452|57471|53823|23192|21684|1214|42578|52796|10508|30371|27687,11
178,-8860.46,-5419.21,0|2|3,11525|64724|53329|53030|30334|9324|43939|56214|48267,9
179,-8850.17,-2069.46,0|2|3|4,10824|25648|43077|58894|15825|45736|26592|30393,8
180,-8776.24,-545.925,0|1|3,65042|60068|55925|37869|28892|13845|28408|21413|37290,9
181,-8734.51,-7310.38,,61811|44452|21809|19162|34143|36408|15141,7
182,-8724.91,5036.5,0,21387,1
183,-8699.47,5504.76,3,51129|26437|15892,3
184,-8682.17,-4609.88,0,52,1
185,-8680.79,-5014.13,0,39131,1
186,-8664.77,-6794.46,0|1|2,47606|28981|34871|27980|270|56219|52764,7
187,-8664.77,-6378.53,0,33722,1
188,-8647.35,4650.55,0|2|3|4,47173|51832|6514|31373|47722|12418|50561|3988,8
189,-8622.21,522.505,0,10100,1
190,-8621.47,988.325,0,23307,1
191,-8618.25,6301.67,0,27082,1
192,-8606.47,-3419.53,2|3,63243|48160|13108|49543|37778|24929,6
193,-8509.27,-1418.16,0|2|3,8460|40328|62200|9528|38053|29762|28564,7
194,-8484.8,9.695,0,47263,1
195,-8483,-2227.56,0,51210,1
196,-8468.97,-2457.13,0,61404|38923|44902|61429|511,5
197,-8394.02,5599.53,0,13482,1
198,-8335.67,5293.12,3,22626|45227|30136,3
199,-8316.62,5282.9,3,42111|48717,2
200,-8308.16,504.355,0,25300,1
201,-8287.77,-6378.53,0,55048,1
202,-8258.71,2390.73,2,25315|25591|19820|5686,4
203,-8253.67,-5967.44,0|1|2,55635|57089|53893|55450|21784|50118|51807|52440|34443,9
204,-8233.08,1737.23,0,59945,1
205,-8221.2,-7830.17,0|2|4,12005|28489|56890|33562|41609|31010|27611|27216|30546|57273|60619|26104|43282|55672|32186|541,16
206,-8217.79,6324.33,0,50392,1
207,-8210.95,2826.15,0|2,38365|61142|34626|46499,4
208,-8206.04,7089.12,0,32349,1
209,-8193.04,453.735,,61796|38066|8260|10286,4
210,-8166.54,-4543.78,0|2,31779|20791|13777|38532,4
211,-8161.98,-1195.09,0,38707,1
212,-8158.65,3447.68,0|3|4,24855|17138|53308|51903|39347|48014|55058|63790,8
213,-8149.73,-4707.52,3,11741,1
214,-8141.21,7641.73,0,41821,1
215,-8131.61,7618.79,3|4,24801|34305|40736|8171|45162|63031|15606|31545,8
216,-8115.09,-155.255,0|2,52220|60064|3027|54228|64240,5
217,-8111.51,6128.94,3,61409|24646,2
218,-8101.59,-5348.53,0|2|3,59061|2672|8509|45569|55596|28267|35085,7
219,-8095,19204.3,0,8272,1
220,-8091.65,379.355,0,21453,1
221,-8046.92,4659.56,3,63114,1
222,-8021.19,6127.75,0,13075,1
223,-8013.96,-4798.6,0|2,60916|41701|11027|59433,4
224,-8008.17,-7035.15,0,4140,1
225,-8001.4,-2679.74,2,40105|30258|20558,3
226,-7994.15,-746.385,0|2,54849|3723|16413|17092|10484|42660,6
227,-7989.53,-3652.59,0|3|4,49259|25014|62360|36333|50228|20511|42059|53804|56112,9
228,-7966.51,4130.84,1|2|3,35048|26176|43650|21070|57388|53386|9698,7
229,-7956.51,-1961.91,0,49734,1
230,-7915.44,-3108.31,0|2,39102|43486|13228|54289,4
231,-7860.53,2931.66,0,44017,1
232,-7858.6,6648.73,2,41147|23797|31370|32448,4
233,-7842.42,-9697.42,2|3|4,4621|54297|24993|43721|9554|11160|49769|16332|1628|57202|3681|57386|8723|49258|25678|21374,16
234,-7829.04,7089.12,0,3446,1
235,-7792.5,19985,0,51737,1
236,-7762.96,2567.51,0,4527,1
237,-7745.48,-2749.55,0,20115,1
238,-7735.13,-1427.91,0|2,51812|62757|4673|10047|46741,5
239,-7728.69,1935.05,2,64807|46674|35921|57405|5642,5
240,-7717.94,1429.4,0,58855,1
241,-7711.19,1435.92,0|2|3,53527|4985|64525|45327|7204|10251,6
242,-7642.03,-4244.19,0|1,35369|1459|47252|17282|43579,5
243,-7612.36,8202.29,0|1|3|4,2946|62518|4547|41414|41363,5
244,-7605.69,-5466.48,2|4,29197|23436|26300|11428,4
245,-7585.53,-2160.61,2,15913|7542|36737|61362|28516|32599,6
246,-7582.33,18924.2,0,17646,1
247,-7574.92,-3386.05,0,51821,1
248,-7523.03,-4513.11,0|1,31159|54962|35849|46017|12382,5
249,-7479.31,-755.125,4,43653|48171|26518|40803|3218,5
250,-7472.17,6094.06,2|3|4,58088|16620|41442|21161|64324|10500|26479|6900|45751,9
251,-7472.17,6133.69,0,9040,1
252,-7470.27,4966.83,0,50616,1
253,-7469.65,409.345,0,46665,1
254,-7463.54,4960.9,,18505|18496|18073|36027|49952|45090|13856,7
255,-7459.86,371.685,2,24339|7060|28214|1973|8607|53131,6
256,-7441.19,-3885.12,0,39710,1
257,-7437.53,3131.16,0,52298,1
258,-7437.53,3624.13,0|2,53216|52126|21885|1352,4
259,-7414.29,-8107.33,0,45202,1
260,-7383.29,-7035.15,0|1|2,34317|8145|2344|23331|30959|31778|12992|16485|296,9
261,-7366.84,84.995,2,58295,1
262,-7350.17,-6377.15,0|2|3|4,47242|34493|48565|23078|65328|54964|49593|4725|17229,9
263,-7344.38,-4246.42,0,26196,1
264,-7296.92,2335.67,0,40117|31848|1286|21089|17903|54701|64023,7
265,-7251.15,-371.105,4,24430|47191|3601|8554|63037,5
266,-7241.96,-651.555,0,50629,1
267,-7240.77,-656.165,0,44298,1
268,-7188.4,-2426.53,0|1|2,17725|24420|33829|18737|9221|9442|37260|30395,8
269,-7167.85,-3642.67,0|2,12232|36556|872|1502|11087|42635,6
270,-7140.48,-10437.4,4,28774|17505|52106|2999|44005|10295|27733,7
271,-7138.53,-5046.81,0|1,35966|41105|38835|4091|38368|54288|44316,7
272,-7123.17,-8949.18,1|2|4,11048|47420|53444|9065|752|64653|52676,7
273,-7080.06,-3066.48,0|2,50062|64357|6416|506|37641,5
274,-7073.34,-821.895,4,23930|30662|45383|26291|46024,5
275,-7070.17,-3075.76,3,65509|41384|51672|31955,4
276,-7050.15,-8009.76,0,59093,1
277,-7044.15,18824.6,,61973|38601|43131|40719|61897|34501|7120,7
278,-7044.15,19873.9,0,25172,1
279,-7039.8,18924.2,0,46535,1
280,-7039.8,19226.1,0,32559,1
281,-7039.8,19507,0,3704,1
282,-7038.4,-1699.91,0|2|3,52993|9414|32768|8107|18081|14980,6
283,-7025.42,7409.4,0|2,25229|7972|21390|5663,4
284,-7025.42,7906.98,0,62498,1
285,-7025.42,8507.21,2,12255|989|26416|27740|35792,5
286,-6938.5,-5539.42,0,45632|25503|27068|35831|27388|28578|904|24551,8
287,-6934.34,4002.72,0,26725,1
288,-6908.33,2821.11,1|2|3,31805|44461|54998|29041|31388|51394|29993,7
289,-6902.9,6655.38,2|3,43778|36894|17330|3698|61938|14515|61927|33137,8
290,-6880.96,-4712.38,0,21568,1
291,-6862.15,988.325,0|2|3,1170|53089|16626|64443|41126|10474|53785|9918|62023,9
292,-6849.4,-7455.59,1|2|3|4,21127|35974|51105|5398|22484|51820|38124|6355|14110|48979,10
293,-6846.57,-239.395,0|2|3,48935|61367|64239|2733,4
294,-6825.59,16355.7,0,16249,1
295,-6813.53,-3551.71,0|4,50757|62303|33045|59938,4
296,-6753.23,-6208.67,0|1,40511|58368|29985|61113|53910|9212,6
297,-6714.29,9037.67,0,25031|17999|63979|9750|1169|42026|63813,7
298,-6663.73,-1193.34,2|3,11464|27405|30781|63772|37888|29663,6
299,-6629.67,5303.33,1|2,5800|45075|43149|43507|40292,5
300,-6614.09,16722,0,32560,1
301,-6563.83,-4540.94,0|2,45354|64948|48264|12964,4
302,-6505.98,18924.2,0,6935,1
303,-6504.61,16313.4,0,10371,1
304,-6473.32,-5120.01,0,11248,1
305,-6456.61,5137.09,,53921|40596|58838,3
306,-6409.48,4911.79,0,22975,1
307,-6402.59,17088.3,0,15044,1
308,-6401.88,-5623.51,0|2,22270|1144|12471|19942|42070|26148,6
309,-6391.25,-308.275,0|2,21861|52807|61836|60551|65243|46421,6
310,-6378,-8168.88,0,38596,1
311,-6370.88,-1832.43,0,3663,1
312,-6370.69,420.575,2,43711|5544|14459,3
313,-6353.65,4501.4,1|2|3,38921|49023|49198|12817|22967,5
314,-6348.3,-6484.17,0|3|4,34187|20848|32239|16721|9009|7128|18270|45874,8
315,-6298.25,-15856.2,0,18678,1
316,-6298.25,-13652.4,0,63002,1
317,-6293.11,16679.7,0,42845,1
318,-6266.69,19985,0,20830,1
319,-6249.06,-4790.96,0|2,46380|21327|56876|1104,4
320,-6239.27,-3222.72,1|2|3,32777|17625|59710|21567|18822|10873|52618|47790,8
321,-6234.38,3368.19,0|2|3|4,39621|14176|18004|8881,4
322,-6210.4,7289.19,0|1|3,11014|16784|26339|62609|18419|25312|24259|23667|64405|31650|16051|31017,12
323,-6210.4,8758.64,0,51561,1
324,-6208.88,-8867.25,0,23382,1
325,-6203.21,3942.14,3,19674,1
326,-6196.33,-15418.6,0,10731,1
327,-6186.82,5297.48,0,27439,1
328,-6167.94,9255.09,2,11786|7716|29447|18157,4
329,-6162.88,17328,0,29162,1
330,-6160.01,-9509.97,0|3,8982|58926|64572|14952|21985|48925|54887,7
331,-6152.27,-8668.35,2,35408|24767,2
332,-6148.94,-8372.25,0,31925,1
333,-6116.54,-6010.78,0|2,3363|38433|4970|23195|55375|62748,6
334,-6116.29,3951.76,0,41493,1
335,-6051.67,-646.185,0|2|3,41180|6222|17260|61703|9037|57608|32353|65189,8
336,-6036.75,-1514.07,0,29126|28770|479,3
337,-6026.21,1197.89,0|3|4,21017|26969|16861|55789|41665|27303|50562|43142,8
338,-6014.13,3.995,0,14654,1
339,-6008.35,16013.6,0,54838,1
340,-6008.35,16436.6,0,4245,1
341,-6008.35,16859.6,0,44746,1
342,-5984.28,-14757.2,0,28153,1
343,-5982.73,2748.83,0|2|3,35977|38130|53194|35876|27540|62216|26070|62973,8
344,-5982.73,3453.31,0,57703,1
345,-5960.33,19204.3,0,37078,1
346,-5952.13,8688.45,0,56342,1
347,-5946.57,8472.91,0,7341,1
348,-5945.28,-3432.51,0,49938,1
349,-5920.61,17187,0,46522,1
350,-5918.9,4065.73,0,50253,1
351,-5917.63,-13652.4,0,26638,1
352,-5914.3,-8171.11,0,36474,1
353,-5912.67,-7670.09,0|3|4,64318|5088|55101|43893|26739|61063|38535|7777|58016|22873|16596|49537|42205,13
354,-5885.4,-2365.38,0|3|4,23879|51743|42452|57617|41620|35417|57921|16506|14996|37509,10
355,-5846.29,-5740.53,0,44872,1
356,-5841.98,-6866.01,0,62948,1
357,-5794.96,-3968.54,1|2,51795|32271|54311|28482|53632|19846,6
358,-5794.69,-15482.9,2,42035|10987|50219|54194,4
359,-5794.69,-14543.3,,22147,1
360,-5780.33,16871.6,,36252,1
361,-5772.9,-8770.8,0|2,25890|26863|54378|58198,4
362,-5730.92,-15402.9,4,43128,1
363,-5724.5,-6743.51,3,40377|7554|23039|64770|46318|32964|34617,7
364,-5721.96,6102.63,0,8600,1
365,-5710.96,18767.6,0,32952,1
366,-5699.67,-4002.92,4,61471|61977|15580|49153,4
367,-5694.65,5052.28,0|2,62015|7668|21982|47371,4
368,-5677.8,5511.25,0|2|3,64870|34090|14655|372|54340,5
369,-5654.84,-13652,0,58747,1
370,-5640.01,17186.9,0,54892,1
371,-5622.31,-14757.2,0,3605,1
372,-5601.84,18578.6,0,37397,1
373,-5601.84,18704.6,0,60287,1
374,-5597.85,-9484.56,1,7960,1
375,-5585.44,-521.455,0|2|3|4,40550|46205|41615|49192|44787|43396|10534|33209|2174|51683|19249,11
376,-5585.08,8844.88,0|2,33244|52373|16347|52556|37276,5
377,-5552.04,16012.6,0,32637,1
378,-5552.04,16435.6,0,30151,1
379,-5552.04,16858.6,0,44371,1
380,-5535.94,811.335,2,20303|9908,2
381,-5532.01,426.085,0|2,16311|32600|6304|12125,4
382,-5498.11,8167.23,1|3,20350|47006|43174|4948|62785|28542,6
383,-5492.73,18767.6,0,63259,1
384,-5465.96,19211.7,0,55582,1
385,-5457.8,4362.34,0,25482|51702|54485|60620|61472,5
386,-5443.28,6845.42,0|3,64995|51867|17924,3
387,-5431.36,-15653.9,0,27990,1
388,-5431.35,-1790.04,0,761|22133|39857|4663,4
389,-5399.53,9533.46,1,2491,1
390,-5397.08,17327.3,0,762,1
391,-5397.04,-15418.6,0,49049,1
392,-5387.75,7424.52,2|3|4,14777|37226|4015|47429|9187|59466,6
393,-5381.29,18293,0,14429,1
394,-5358.85,-5492.92,0|2|3,44783|19277|35171|10029|8660|18846|22949|14113,8
395,-5326.03,2555.07,0,8629,1
396,-5314.13,2655.72,0,16084,1
397,-5314.13,2829.25,0,13474,1
398,-5314.13,2922.83,4,10602|24871|57552|46696,4
399,-5314.13,3067.3,0,54811,1
400,-5314.13,3397.64,0,34210,1
401,-5314.13,3520.75,2|3,25934|6923|1087|64939|30123|26092|52392,7
402,-5307.75,7323.33,0,20015,1
403,-5305.62,-3550.7,0|1|2,20499|34327|32078|16940|25446|2336|63402|29881,8
404,-5291.69,-15863.3,0,1579,1
405,-5291.69,-13652,0,32856,1
406,-5256.8,17570.3,0,12054,1
407,-5245.42,18800.1,0,45248,1
408,-5238.15,5102.77,0,10169,1
409,-5197.82,6507.02,,44406|63451|57846,3
410,-5165.01,833.385,3,63470|50302|16090,3
411,-5159.25,6455.65,0,61490,1
412,-5153.8,8943.84,0,28304,1
413,-5140.8,745.045,0|2,8693|35393|23708|3896|56320,5
414,-5109.53,19307.2,0,11641,1
415,-5107.55,-6981.78,0|2,56703|28839|56762|20032|28680,5
416,-5103.5,17157.8,0,1988,1
417,-5095.02,-2941.61,0,28002,1
418,-5085.88,-2565.83,0|2,2955|28800|55308|38313|30701,5
419,-5081.34,-791.755,0|2,51183|10635|45301|31724|2074,5
420,-5055.9,-4742.69,0|3|4,64042|55422|34415|48387|54640|27900|62376,7
421,-5039.48,-3334.46,,18441|34181|45422,3
422,-5034.82,1520.57,0|2|4,51369|56061|6544|45503|37746|42604,6
423,-5003.08,-1341.35,1|2,34412|25915|8916|20547|33340|51267|11886,7
424,-4999.75,-8120.71,0,45918,1
425,-4997.46,-3305.76,0,49547,1
426,-4989.69,6154.73,2,10305|45586|35011|14761|53187|45215,6
427,-4987.35,6165.44,0,57775,1
428,-4973.65,19814.3,0,34882,1
429,-4966.28,-5972.03,4,46628,1
430,-4963.23,17400.8,0,37523,1
431,-4903.32,-8409.77,4,36880|15628|27626|2244|54067|43036,6
432,-4902.61,-8434.54,0,48552,1
433,-4876.25,-7652.71,0|2,10452|1878|44213|14328|869|18959|55843,7
434,-4860.65,-5812,0|2,34990|25337|50184|46069|6088|54380,6
435,-4814.59,10580.1,0|4,47316|2888|21716|8827|16691|9583|28862,7
436,-4805.94,8363.52,0,37258,1
437,-4801.92,7834.96,2,59367|10774|26568|51732|35863,5
438,-4788.34,-9175.84,2|3|4,23825|11572|24325|32923|58215|40006|9896,7
439,-4776.07,-9046.02,0,292,1
440,-4747.08,-251.955,0|2,23062|19122|28432|20416,4
441,-4737.38,17175.8,0,24696,1
442,-4715.21,-10129.8,1|2,38965|11284|24764|12324|30985|31697|51303,7
443,-4713.07,5643.94,0|4,56595|23861|54886|56997|64312,5
444,-4694.67,-6892.17,0,15782,1
445,-4694.67,-6482.36,0|2,54814|59498|53675|16114,4
446,-4660.69,223.665,1,31419|35787|42813|55491,4
447,-4643.88,-7996.23,0,31238,1
448,-4628.58,-3070.51,0|2,2653|19203|10260|30896|49172|33730|60809,7
449,-4621.23,-10104.9,0,65226,1
450,-4606.4,6774.82,0,38876,1
451,-4573.05,9245.21,0,5681,1
452,-4572.81,16876.1,0,4086,1
453,-4572.75,9245.92,0|2|3,3339|23036|46931|45585|55617|29914|17825|19546|59208,9
454,-4542.4,925.595,0,39083,1
455,-4528.5,-8746.5,0|3,14686|53795|64804|53324|19318|62210,6
456,-4507.44,2159.3,0|2|3,33978|30390|31609|36163|62581,5
457,-4507.21,18876.5,,55536,1
458,-4432.96,-2172.08,0|2|3,10245|34308|65193|36478|48714|43014|37414,7
459,-4431.15,7184.65,0,14540,1
460,-4431.08,-684.435,0|2|3,7878|48745|53901|34375|45612,5
461,-4427.82,4646.67,0,9417,1
462,-4422.17,-1471.64,1|2|3,48505|10372|48240|36191|59213|7392|10571|60886|40325,9
463,-4418.06,-4540.25,0|3|4,7642|6356|71|32859|12189|56547|15114,7
464,-4346.51,4339.79,0,13171,1
465,-4339.42,843.265,0,9638,1
466,-4335.51,3287.25,0|2|3,54283|26324|27950|4128|26532|46023|52462,7
467,-4335.51,3380.39,2|3,41657|21286|45992|17029,4
468,-4335.1,619.905,0,26798,1
469,-4308.23,0.535,,51052|22616|17468|53405|22558,5
470,-4296.44,407.485,0,59006,1
471,-4289.92,0.535,0,48631,1
472,-4288.8,-6798.65,2,14294|48530|4623|39130|48524,5
473,-4285.55,-6819.23,0,43818,1
474,-4283.82,-11017,0|1|2|3|4,14505|3866|22331|19644|32258|14712|33612|40200|61842|33240|45343|57021|8957|37594|50483|8983,16
475,-4261.32,-5891.9,0|3,34552|61026|17378|40894|1218|8357|10742|41991|1447|38972|14945|22393|28458,13
476,-4261.32,-5204.4,0,21251,1
477,-4254.59,10064.4,0,28175,1
478,-4238.73,4457.57,0,17745,1
479,-4230.17,-789.735,0|2,62378|47633|57002|48761,4
480,-4227.25,2439.49,0,16725,1
481,-4208.73,-7738.4,0|2,4681|25058|48828|26228,4
482,-4185.36,-10001.8,0,50104,1
483,-4166,10952.5,0|1|2|3,47212|17417|43843|3652|56714|27999|45777,7
484,-4163.59,6722.67,0,56605,1
485,-4162.05,19048.9,0,18146,1
486,-4120.96,4565.35,0,48121,1
487,-4117.42,-8135.44,0|2,4931|42825|21404|27674|44082|27307,6
488,-4116.33,-9838.01,0,32745,1
489,-4114.17,4317.84,0,24438,1
490,-4113.12,-9545.42,0,40276,1
491,-4113.12,-9254.29,0,60241,1
492,-4109.59,-3555.51,0|2|3|4,51618|43324|57596|13468|11580|34769|52115|51454,8
493,-4107.23,6275.65,0|2,17762|2964|18374|28476,4
494,-4102.54,-10310.9,0,46742,1
495,-4084.76,-7312.1,0,95,1
496,-4082.88,287.245,0,26895,1
497,-4077.15,-2691.85,0|2|3,17411|61444|58096|6008|29652|15180|34096,7
498,-4066.8,8524.92,2,26490|12751|6229|13356|18489,5
499,-4066.02,7086.81,0,31903,1
500,-4037.16,19818,0,3084,1
501,-4030.62,-9550.54,2,32278|58183,2
502,-4027.59,5238.17,1|4,25990|43461|25753|32932|63268|29372|53989|36389|7720|14205,10
503,-4025.91,18540.8,0,57819,1
504,-3995.5,4196.65,0,46748,1
505,-3978.69,9586.58,0|1|2|3,4661|53367|10835|20842|12821|65439|48026|6623|65353,9
506,-3955.44,-9600.64,0,61179,1
507,-3931.69,7603.71,0,259,1
508,-3931.58,7588.67,4,38010|13352|59180|54923|27638|50023|13524|4921,8
509,-3921.6,394.725,0,37956,1
510,-3915.69,-7172.57,0,35645,1
511,-3908.2,-7290.56,0,1928,1
512,-3905.88,-9191.64,0,5284,1
513,-3901.02,19309.9,0,30996,1
514,-3872.48,156.685,0,35581,1
515,-3861.26,-1010.61,0|2,51485|41338|31673|48649,4
516,-3856.25,-7033.48,0,32847,1
517,-3808.09,-16481.5,,8867|42522|39204|12882|38578|2857|39640|61985|18849|49189|64789|44484|7246|65413|25618|49759|7998|13673|29398|12488|40721,21
518,-3804.23,-9338.75,0,21245,1
519,-3804.23,-8886.17,0,57178,1
520,-3801.3,20053.8,0,1442,1
521,-3764.88,18801.8,0,53762,1
522,-3759.41,5937.79,0|2|3,45962|48589|7922|7183|15617,5
523,-3754.39,-7303,0,56284,1
524,-3746.22,-5464.19,1|2|3,9226|13500|47591|41044,4
525,-3736.26,12649.7,0,46565,1
526,-3727.22,3905.64,0|2|3,34487|4882|60568|38172|51206|49642|52348,7
527,-3724.22,1390.39,0|3|4,53443|20645|59767|31292|64284|58528|45363|19011|27373|22928,10
528,-3711.3,11983.9,0,27290,1
529,-3709.27,-7173.96,0,6077,1
530,-3702.66,-823.685,2,8248|48079|60014|38474,4
531,-3697.15,-7461.02,0,8737,1
532,-3664.91,19544.8,0,53108,1
533,-3657.51,6318.1,0,35265,1
534,-3628.74,18293.7,0,36728,1
535,-3622.31,-7106.13,0,25927,1
536,-3604.52,-11358.1,0|2|3|4,20637|25570|21549|37694|44560|64083|27572|12940,8
537,-3593.46,-8544.35,0|3,62122|6748|37327|34248|48618|4295,6
538,-3593.46,-7995.13,0,34840,1
539,-3589.42,6610.21,0|2,25011|60404|20691|41739,4
540,-3556.93,-337.575,0|2,33601|5692|35708|41154|2863,5
541,-3555.35,-3914.61,0|3,23364|33781|65493|43854|48614|9018|35918,7
542,-3550.74,-3918.97,0,52038,1
543,-3528.5,19035.7,0,36822,1
544,-3517.31,5116.13,1|2|3,2511|19802|64399,3
545,-3516.49,-3235.91,0|2,2071|37543|38420|16647,4
546,-3498.41,321.545,0|2,33397|51248|53294|38292|39594,5
547,-3497.77,-6221.4,2,44733,1
548,-3496.22,-6579.23,0,49363,1
549,-3484.73,4125.9,0,49550|61935|55746|4624,4
550,-3480.21,-9844.83,0|3,43842|5695|32309|59070|28092|17061|31773|55011,8
551,-3462.24,12165.8,0,26697,1
552,-3445.11,-7610.06,0,41511,1
553,-3443.04,-4769.59,0,62661,1
554,-3428.17,-7186.71,,1433,1
555,-3422.22,11010.7,0,35284|3921|38398|31898|7473|2211|8154,7
556,-3421.76,-1975.64,0,12786,1
557,-3410.15,7031.06,0|2,15374|48035|54676|39759|11329,5
558,-3408.23,9916.18,0|2|4,52746|9796|62310|54148|36325|56934,6
559,-3392.1,18526.7,0,58591,1
560,-3366.12,7490.9,0,37612,1
561,-3360.01,-4893.8,0|2|3,8531|24483|32660|8631|59256|51534|46760,7
562,-3314.67,11934.6,2|3|4,37963|15855|59263|61441|54138,5
563,-3309.23,-14351.1,0,64223,1
564,-3296.49,11928,2|3,9762|10783|38564|20091,4
565,-3292.33,5858.65,2,51299,1
566,-3285.98,4891.42,0,46060|29788|44419|7251|29270|7488,6
567,-3281.46,-1894.64,2|3|4,17655|64299|50558|12462|18465|39540|36602|6744|49357|32194|58651|5777|44951|37629|55933,15
568,-3244.55,7079.31,,60191|54985|14602|42737,4
569,-3225.69,-10395.8,0,47168,1
570,-3224.09,7913.29,0|2,38235|34671|61934|24477|17532|48418,6
571,-3215.38,-6401.48,0,57373,1
572,-3196.2,-8995.5,0,25303,1
573,-3184.23,-9385.96,0,39935,1
574,-3154.84,556.125,0,38323,1
575,-3144.84,-551.555,0,48305,1
576,-3121.95,-1268.74,0,4956,1
577,-3116.51,-7680.34,0,35560,1
578,-3115.35,-1267.96,0|2,22045|63209|30704|13505,4
579,-3109.62,-5381.56,0,30979,1
580,-3087.41,-15208.1,0,30265,1
581,-3069.12,-8364.27,0,4407,1
582,-3067.29,2529.2,0|3|4,64327|18629|39517|49391|36629|44659|62732|53373|64192|18742,10
583,-3061.21,-8608.16,0,43366,1
584,-3049.94,-5891.57,1|2,33618|12610|4873|12683|61974|39990|20718|13294,8
585,-3049.19,-8762.37,0,15194,1
586,-3044.02,6253.4,0,34747|24753|56567|151|6274,5
587,-2998.56,4483.94,,43895|13562,2
588,-2977.66,4483.94,0|2,23650|56616|41415,3
589,-2974.98,3611.49,1|2,30219|45177|39732,3
590,-2957.14,8505.46,3|4,61657|45808|17750|3191|65324|24736|1861|9863|658|35623,10
591,-2904.82,-7995.13,0,29148,1
592,-2893.96,-6643.12,0,38300,1
593,-2880.6,-1668.56,0,17517|13233|19873,3
594,-2864.23,-9385.96,0,44344,1
595,-2851.04,1645.22,2,27726|32416|6529,3
596,-2849.6,0.535,3,8406|6015|35426,3
597,-2824.48,-8749.27,1|2|3,2606|21606|20388,3
598,-2808.97,10498.4,4,64471,1
599,-2787.46,11061,0,45824,1
600,-2774.38,-1070.72,0,6898,1
601,-2756.41,10024.9,0|3|4,3282|58817|53607|37302|52860|45494|40975|24368|40597,9
602,-2750.44,-7108.15,0|2|3,65016|21206|6752|7378|968|45899|54911|31326|39716|44092|11505,11
603,-2744.4,-4969.4,0,61615,1
604,-2730.42,-9028.75,0,14575,1
605,-2720.45,-5537.28,0,32128,1
606,-2701.66,-4273.5,0|2|3,56090|59136|17729|56466,4
607,-2697.32,-12038.7,0,11184,1
608,-2697.32,-11149,1|2|3,55412|22538|64659|25211|11330|22185|17796|12412|3355,9
609,-2697.32,-10245.5,0|4,38105|49455|13537|44299|6006|23939|59425|2508|51797|22141|857|58789|46275|13307|26614|3894,16
610,-2656.19,-2063.25,0|2,63469|57967|50216|30834,4
611,-2650.28,-14652.9,2|3|4,56857|10561|43426|45602|23265|25653|36109|64591|25683|14131|46091|2810|20701|36891|32705|13289|34207|35880|9843|8305,20
612,-2625.49,-8808.47,0,3414,1
613,-2620.07,7375.23,4,23227|39564|3516,3
614,-2620.07,7379.36,0,38663|49618|62039,3
615,-2620.07,7389.42,0,55348,1
616,-2620.07,7921.63,0,13279,1
617,-2595.86,24.305,0,37967,1
618,-2588.8,-8604.12,0,47284,1
619,-2568.32,3948.16,0|2,1865|54934|15494|43584,4
620,-2554.96,10828.4,0,8493,1
621,-2553.76,5504.65,0,42177|5049|43183|11153|49231,5
622,-2541.03,-1462.22,1|2,41838|38103|25429|34084,4
623,-2530.04,-8376.52,0,3332,1
624,-2522.24,-1450.05,,53396|64370|45923|52319,4
625,-2502.19,3479.47,,51921,1
626,-2496.77,-4970.02,0,59442,1
627,-2496.26,-5249.94,0,18101,1
628,-2494.67,-5247.26,0,44850,1
629,-2494.45,-5536.38,0,15801,1
630,-2481,3401.68,0|2,5920|52574|55478|48006|33604,5
631,-2460.75,-3489.54,0,32523,1
632,-2457.53,-3479.88,2|3|4,58930|52429|6294|4847|14934|858|58387|52454|46604|2138|1546|38827|31890|25745|21081,15
633,-2431.32,-2692.66,0|2,35745|12601|483|50908,4
634,-2415.33,11530.7,0,27992,1
635,-2399.07,11558.8,2|3,23373|23428|47623|53895|17026|17303|38570,7
636,-2393.09,1033.71,0|4,5710|14923|46325|33556|55473|43164|1207|13397|39581|6839,10
637,-2364.29,-8977.68,0,61042,1
638,-2364.29,-7995.11,0,11679,1
639,-2362.28,-9378.04,0|2,54453|19006|39461|229|46365,5
640,-2351.05,-3487.38,,38856,1
641,-2309.42,8451.88,0|4,39207|33518|37519|17045|32564|63579|55131,7
642,-2308.21,-1862.64,0,28950,1
643,-2291.85,-4007.49,,46358|50423|59376,3
644,-2280.15,-5538.98,0,59438,1
645,-2250.63,-4971.77,0,59413,1
646,-2241.38,-4242.75,0,19240,1
647,-2221.54,3539.9,,13241,1
648,-2213.09,-15208.1,0,56783,1
649,-2199.44,3805.96,0,53589,1
650,-2188.85,-968.665,2,17584|28446|12430|61067|1143|58170,6
651,-2187.5,-962.965,0,28718,1
652,-2171.82,-10395.8,0,54521,1
653,-2134.26,3688.8,,48670,1
654,-2097.34,4206.32,2,6714|5066|51788|42583|10499,5
655,-2092.78,1554.69,0|4,1913|4665|61534|7721|64683|41031|23570|36709|63393,9
656,-2087.68,7594.08,0|2|3,10772|21468|2119|39274|53505,5
657,-2087.38,4208.07,0,38430,1
658,-2086.96,8229.42,0,2864,1
659,-2076.24,-4701.25,3|4,48581|15969|41129|24338|15838|33242|13387,7
660,-2074.7,-4534.38,1|2,1543|14096|44293,3
661,-2059.23,2453.77,0,54232,1
662,-2012.26,-7643.07,0|2,44372|25829|57791|52229,4
663,-2012.03,4519.75,0,41646,1
664,-2012.03,4750.59,1|2|3|4,28860|56104|14091|23993|8115|36449|42981|52684,8
665,-1966.11,4165.53,,58674|17867|37092|55817,4
666,-1955.88,11130.6,0,2397|54437|16111|5324|46268,5
667,-1945.48,5858.53,2|3,43791|53320|16385|41651|5098,5
668,-1941.19,-330.325,0,3367,1
669,-1940.55,-8386.27,0|2|3,20119|18160|15809|26945|31175|22783|30720|54036|17501|18485,10
670,-1940.44,-177.335,0,39087,1
671,-1938.69,-17.005,0,23960,1
672,-1938.53,141.445,0,26178,1
673,-1936.2,295.595,0,62152,1
674,-1927.77,-1422.19,2,50626|32597|12777|3918|54708|59695,6
675,-1923.59,-1417.27,0,44948,1
676,-1909.32,-6475.67,0|4,7424|27491|1823|36994|29432|4061|3471|34531|25363|44098,10
677,-1892.34,-3294.04,3,3041|47555|53697|10156|59795,5
678,-1863.48,6665.33,0|2|3|4,13942|65023|18186|6626|32354|34433|24009|46475|16744|4716|24748,11
679,-1788.73,10569,2|4,3685|55700|44983|32151,4
680,-1769.02,3906.89,,7628,1
681,-1760.47,8417.92,0,33369,1
682,-1731.48,-9989.29,1|2,61170|25763|27186|62963,4
683,-1682.34,-9147.25,0|2|4,43647|32727|53524|32507|12851|57555|52973|37608,8
684,-1653.23,9760.91,0|4,3999|9737|59480|36522|37665|4577|42410|24813|20397|35739|26356|15590|57863|8556,14
685,-1626.68,7851.58,0|4,56388|21096|57616|63360|18801|62258|11752|62455,8
686,-1614.94,-5019.94,0,1220,1
687,-1610.62,8920.12,2,6655,1
688,-1587.62,8880.27,0,35015,1
689,-1573.72,-4956.19,1|2,36286|14033|41130|34553|8397,5
690,-1545.44,-7995.13,0,15885,1
691,-1533.68,2648.54,2|4,47796|62640|38501|27108|24880|17294|27501|19330|45916|34340|16168|45969|25374,13
692,-1527.89,-734.805,0,50084,1
693,-1525.89,733.415,0,3936,1
694,-1513.28,-2332.55,0,35720|7258|11861|3281,4
695,-1509.88,-10892.1,0,39416,1
696,-1482.46,8698.1,0,58718,1
697,-1456.07,3778.76,0|2,53853|36170|28693|49280|57320,5
698,-1446.33,-10165.6,0,45497,1
699,-1446.33,-9722.75,1|2,17057|22784|17025|13515|14601,5
700,-1432.94,-4703.73,0,34058,1
701,-1411.57,-10845.8,2|3,4345|14598|50837|43979|26926|45333|59781,7
702,-1410.85,8880.27,0,40336,1
703,-1406.42,2428.11,0,56666,1
704,-1397.89,957.195,0,38646,1
705,-1396.89,-954.585,0,13855,1
706,-1385.44,-8272.26,0,42680,1
707,-1367.15,10828.4,0,54099,1
708,-1367.15,11595,0|3,17150|23888|29399|7390|53647|51446|19750,7
709,-1349.52,4972.79,0|2|4,44707|32885|54785|51735|6689|45599,6
710,-1349.52,5917.08,0,17696,1
711,-1346.98,-7376.61,0|2|3,36358|19112|12367|3492|60313|56956|54632|36507,8
712,-1322.31,-4290.85,0|2,8349|56564|42077|31644|49235|14739|2102,7
713,-1309.39,-3298.79,0,39886,1
714,-1305.68,8391.66,0,65322,1
715,-1305.68,8698.1,0,47709,1
716,-1271.19,733.095,0,47175,1
717,-1245.18,-728.895,0,61525,1
718,-1218.9,-11527.9,0|2|3|4,23450|558|23091|63021|11366|39515|39228|62603|19715|46300|52774|57832|34290|5084|35324|34927,16
719,-1200.68,8879.97,0,63814,1
720,-1178.84,-2058.22,0,20495,1
721,-1170.69,8229.42,0,54818,1
722,-1169.57,7550.25,0,47157|516|7201|61347|64488|48215,6
723,-1161.05,-9989.29,1|2,13333|1091|1700|48699,4
724,-1137.16,8698.1,0,13425,1
725,-1099.85,11095.7,0,28492,1
726,-1051.9,-10395.8,0,45885,1
727,-1048.42,4248.9,1|2,40043|9857|55231|37361|54990,5
728,-1032.12,8879.97,0,315,1
729,-1009.12,8919.8,2,33216,1
730,-949.025,-5546.35,0|2|3|4,18086|32427|62844|24655|42127|41573|4456|14363|61338|4776|7333,11
731,-767.045,5189.25,0,46343,1
732,-752.955,-2537.92,0,18407,1
733,-692.155,-10845.9,2|3,13359|8382|61863|42045|50535|10612|31943,7
734,-691.895,-7030.08,,10398|3472|56640|26682,4
735,-650.125,-18383.9,0,18158,1
736,-617.095,6556.71,0|3|4,58714|29514|21077|3109|36169|354|48429|52274|39431,9
737,-616.955,-7619.15,0,13882,1
738,-613.835,-7995.13,0,49512,1
739,-612.805,-8637.76,0|3|4,22439|44498|25101|52199|43139|65248|39752|56409|38068|5936,10
740,-611.905,-7670.28,2,51194|24060|3091|18793|33639|24087|8782,7
741,-593.445,8229.42,0,15182,1
742,-509.645,-10901.4,2,52003,1
743,-484.775,9710.46,1|2|3|4,38270|23724|7275|29402|4046|8875|50687,7
744,-480.665,-18547.3,0,63484,1
745,-478.295,-3316.19,0,22821|22314,2
746,-478.295,-3030.38,0,51184,1
747,-478.245,-3752.19,0|1|3|4,3823|60230|51968|51335|64046|45522|5726|58362|10192|55909,10
748,-478.025,-4703.73,0,56935,1
749,-478.005,-2158.22,0,22419,1
750,-477.535,10441.9,2|3|4,55066|19796|15899|18308|21721|21627|9290|19129|62194,9
751,-466.625,8827.24,0|2|3,7049|25711|31566|24766|22556|11257|10271|58038|35028|51974,10
752,-458.175,-9486.35,0,50383,1
753,-429.995,-9489.3,2|3,29391|50715|61354|29800,4
754,-420.125,4842.33,2|3|4,47363|13708|9164|25513|51825|47856|32561,7
755,-405.005,3700.21,0,62588,1
756,-376.015,4798.23,0,14997,1
757,-374.225,-2574.13,0|2,55807|6686|1922|41965|1755|18845,6
758,-344.325,11065.6,1|2|3|4,32976|34202|14428|49285|6287|38776|57816|364,8
759,-308.885,-17619.3,,36564|17754|24039|46644|18348|25239|61267|13174|34419|19482|39470|770|46016|8854|7793|64379|63894|23880|24135|32699,20
760,-296.205,-5775.53,1|2,53975|55104|33254|19125,4
761,-262.225,3156.44,,28510|61438|42350,3
762,-257.475,2491.06,0,5407,1
763,-248.375,7972.75,3|4,934|9825|12526,3
764,-203.435,2592.67,,44605|2455|48588|13081,4
765,-152.705,3700.23,3,57039|14572|11037,3
766,-150.305,3572.61,4,29328|43201|43383|37450,4
767,-133.155,1690.41,0,59779,1
768,-100.915,18196.4,0|4,52006|40226|40002|29718|7040|36189|39210|14460|30474|19198|15395|62406|60949|3731|55891|60122|39383,17
769,-73.935,-9897.76,1|3|4,35492|30523|11376|50720|34199|43557,6
770,-30.935,-1405.7,3,44871,1
771,-0.885,-7031.82,0,46819,1
772,0.005,-10395.8,0,59362,1
773,0.005,-9772.2,0,29009,1
774,0.005,-9671.2,4,5314,1
775,0.005,-7995.13,0,61419,1
776,0.005,-5955.17,0,8616,1
777,0.005,-4700.35,,57710,1
778,0.005,-4439.9,0|2|3,22290|5501|48821|15618|32404,5
779,0.005,-3031.45,0|2,29502|47307|36302|3242|13769|59636|48007,7
780,0.005,-1490.58,0,54447,1
781,0.135,10105.9,0,52125,1
782,0.135,10828.4,0,2847,1
783,0.435,-11452.5,0|1|3|4,11337|29369|23427|47270|52799|60515|44455|19955|62914|41669|55250|56649|41972|17380,14
784,1.255,3822.38,,54417|49657,2
785,1.625,3822.38,,10247|28370,2
786,1.945,1469.82,0,50986,1
787,1.945,2418.36,2,52442|14254|97,3
788,1.945,2829.7,2,47150|38779|44836,3
789,1.945,6250.78,0,48635,1
790,1.945,7013.94,0,21755,1
791,3.715,5712,4,57805|43444|7788,3
792,4.095,5712,4,38003|28361|47782,3
793,5.055,-6484.35,2|3|4,40691|36746|25893|51169|43576|14324|1468|7971,8
794,6.245,5223.21,0,63526,1
795,7.005,11943,0,44176|16618|10273|49696|42280|24511|45272|21205|57047|35688|38138|45278|4492,13
796,8.305,8229.42,0,54127,1
797,8.305,9742.42,3,54282,1
798,28.945,-1404.7,3,4739,1
799,136.855,1689.33,0,59915,1
800,150.015,3572.63,4,41210|43578|59028|8092,4
801,151.495,3700.21,3,50609|14926|11916,3
802,225.415,2596.07,,11311|38057|34061|56910,4
803,239.125,-10147.6,0,27779,1
804,260.715,6565.73,0|2|3,16538|9217|61281|47733|5108|44330,6
805,261.765,-18041.2,0,10694,1
806,262.015,3155.84,,7741|42500|59881,3
807,265.155,7972.57,3|4,17340|40341|62051,3
808,266.805,10482.9,2,26648|22565|17994|24256|63541,5
809,273.705,2491.06,0,2461,1
810,275.935,-5926.79,0,34367,1
811,371.905,-2574.13,0|2,30346|34006|15408|29695|43736|6338,6
812,399.295,-5702.27,0,58090,1
813,407.705,3700.23,0,1477,1
814,410.905,-6145.21,0,48774,1
815,418.515,-9235.2,0|2,4017|12918|26447|10079|49633,5
816,419.295,-4284.19,0,517,1
817,452.015,-9772.2,0|1|2,45570|43713|3051|35602|27009|30459,6
818,472.375,-2158.22,0,56216,1
819,480.295,-3752.19,0|3,14666|9642|17973|4748|61027,5
820,486.615,-4703.51,0,39037,1
821,486.985,-3030.38,0,2254,1
822,494.695,-8434.59,0,4113|36782|55572|44179,4
823,494.695,-8404.42,,1151|4627|57626,3
824,497.135,-7995.13,0,3025,1
825,497.135,-7601.82,0|1|2,34030|42614|25594|13634|47441|61992,6
826,502.655,8723.77,0|2|3,44765|22533|11066|26663|32233,5
827,538.535,-5918.05,0,27492,1
828,541.375,9564.7,0|2|3|4,45576|51944|55060|43829|49406|47683|51728|33037|6505,9
829,545.485,-7039.3,2,13909|31037|34866|40985|62679,5
830,552.405,-4284.19,0,22691,1
831,610.215,8229.3,0,56978,1
832,615.525,5034.86,0,8872,1
833,615.525,5034.86,0|2|3,63267|65424|4377|45488|50273|47893|57774|2394|3131,9
834,624.445,11228.4,1|2|3|4,34813|7218|62505|32436|60203|472|3744|5332,8
835,664.815,-6148.06,0,13542,1
836,682.785,-5708.98,0,21540,1
837,685.135,16471.7,3|4,12098|31717|59474|61500|57973|48546|23826|32222|63843|25913|62674|61889|7046|57256|38949|40407|62386,17
838,728.785,-10884.2,0,15984,1
839,729.705,7013.94,0|4,19223|25213|37872|21871|51847|33974|31189|64665|26194|53166|28863,11
840,743.215,-10817.7,2|3,50150|11873|37279|41159|27434|51234|15991,7
841,756.515,-2537.92,0,9485,1
842,787.345,-5929.12,0,27658,1
843,825.935,-8807.18,2|4,7104|54733|13123|62723|14258,5
844,905.735,-11253.8,0,15083,1
845,924.865,10235.5,0|2|3,25619|42354|57196|23702|43562|3660|63445|59501,8
846,940.845,11379,0,35653,1
847,1010.78,4639.54,0,58109,1
848,1029.73,-11468.6,0,22271,1
849,1060.36,-5120.17,0|2,46124|63009|37593|63739,4
850,1061.08,-5546.35,0,40783,1
851,1063.41,-7995.13,0,38732,1
852,1069.2,-7546.83,0,17107,1
853,1070.74,-9412.83,,40345|42290|52254|37991,4
854,1073.28,-9540.92,0,50540,1
855,1074.78,-6113.73,0,17711,1
856,1075.8,-9669,,36639|32009|36814|16499,4
857,1089.99,-3001.45,0,60685,1
858,1129.94,-11238.3,0,18651,1
859,1139.73,-11659.1,0,55554,1
860,1152.97,4158.69,2,27853|59289|3365|52576|64550|22532,6
861,1162.02,-6821.54,0,33180|11788|14355|60269|8483|46989|6588,7
862,1168.19,-2023.36,0,35046,1
863,1168.66,10828.4,0,55802,1
864,1168.66,11146.2,0,3717,1
865,1170.11,4170.02,0,60488,1
866,1188.06,8229.3,0,21274,1
867,1188.06,8669.62,1,57190|27859|38694|38763|22188,5
868,1234.8,5027.55,0|2|3|4,62237|59281|14394|1221|50124|35743|60116,7
869,1235.03,-10395.6,0,62677,1
870,1247.12,-11855.8,3,26905,1
871,1249.73,-11514.7,3|4,11736|8821|28975,3
872,1270.43,-728.835,0,44683,1
873,1274.68,735.845,0,50459,1
874,1308.1,-3294.7,0,1826,1
875,1348.97,2324.75,0,20686,1
876,1353.57,9646.22,0,44566,1
877,1366.53,11380.9,0,65468,1
878,1367.44,-11645.1,0,63863|27785,2
879,1381.34,-11239.6,0,36293|55708,2
880,1402.97,958.265,0,13828,1
881,1423.72,-4183.63,0,48030|6715|62436|116|3215|41372|44359,7
882,1436.89,-10147.3,0,47759,1
883,1450.76,7777.62,0,3995|12311|64119|18115|48856|17882|33596,7
884,1474.81,3454.96,,53996|17686|43575|41512,4
885,1484.79,-2826.54,0,42736,1
886,1505.67,-5546.35,2,60741|49804|6950|24035|33922,5
887,1516.21,2614.41,3,10909|16489|28556,3
888,1535.77,727.985,0,56651,1
889,1559.69,11253.6,0,19998,1
890,1563.03,-4703.51,0,11672,1
891,1569.52,6131.98,0|1|4,2486|11410|22976|19341|56118|61487|36596|8440|63732|45013|58884,11
892,1574.14,1708.94,2|3,48401|15507|1140,3
893,1598.81,3240.19,3,39116|9941|38888,3
894,1600.36,-3445.28,0|2,42076|46972|17706,3
895,1609.09,-3526.5,1,54783,1
896,1632.43,4050.7,0|2,58783|37190|35855|48583|26520|35859,6
897,1657.19,9770.52,0,48846,1
898,1663.34,10309.6,0,2978,1
899,1670.41,10295.6,1,6266|60085|15839|11667|1915|48617,6
900,1684.82,-18566.4,0,30117,1
901,1694.19,11468.7,0,25807,1
902,1695.71,-2698.11,0,30555,1
903,1713.31,-4986.63,0,27234,1
904,1714.69,-2969.93,0,4203,1
905,1734.98,4453,0,14340,1
906,1737.77,4778,0|2,58939|26319|30990|44608,4
907,1746.18,-5035.12,1|2,2732|65393|52241|58115|94|16790,6
908,1759.97,1320.44,0|2|4,49691|31409|50437|32274|61106|59653|35987,7
909,1760.62,-17480.4,0,48551,1
910,1776.09,-10680.1,2,15876|7947|26061|4579,4
911,1797.54,-7995.13,0,17672,1
912,1797.54,-7675.13,0,11230,1
913,1798.44,-7166.71,0|2|3,48290|49088|47155|55180|17394|45530|3443|63545,8
914,1800.67,-8634.27,0,20140,1
915,1802.15,-8810.16,1|2|3|4,20861|8522|26236|38069|45350|338|24491|3438|18856,9
916,1821.35,-1202.94,0|1|2|4,7576|33866|10364|42857|20024|44223|55342|17248|10429|49220,10
917,1824.91,8228.37,0,39298,1
918,1826.62,8513.85,0|2|3|4,10998|9736|61396|61318|2843|1019|45037|21438|62235,9
919,1857.66,11423.8,4,7062|16680|48137|33887|43155|31763|33415|6178,8
920,1899.93,6744.84,1|2|3|4,64726|19573|17553|46296|38479|19342|27493,7
921,1904.34,11525,0,53683,1
922,1949.12,11357.8,0,44430,1
923,1958.85,-978.145,0|1|2|4,44343|55276|52980|17366|18970|29361|11938|39964|1215|48198,10
924,1960.52,-9606.62,0,33225,1
925,1978.8,-4255.94,0|2,21779|9185|40760|60107|57204|47833,6
926,1999.54,-11112.8,1|2|3,19779|63891|63074|42999|4925,5
927,2012.88,865.015,0|2|4,35660|18548|62628|4313|35234|6789|28992,7
928,2015.32,2999.71,,17726|11826,2
929,2015.42,9673.14,0,11315,1
930,2081.9,-8262.87,0|2,64427|51892|44188|59387,4
931,2082.55,7631.77,0,23153|31112|56897|57785|63828|23996,6
932,2092.43,11575.4,0,30082,1
933,2107.3,-10394.2,0,46554,1
934,2107.3,-9931.58,0|2,41225|48611|4271|62887,4
935,2110.12,-4703.51,0,47177,1
936,2157.18,-9511.45,0,61768,1
937,2164.6,11512.6,0,61432,1
938,2165.23,-6650.5,0|2|3,56926|44255|14548|59541|10320|28573|15358|41905,8
939,2192.99,4717.44,0|2,2841|33059|39839|20205,4
940,2198.74,-17185.7,0,52703,1
941,2199.2,3806.76,0,48568,1
942,2214.93,-3836.38,0,49046,1
943,2229.99,-3149.3,0|2,62159|59603|57110|46561,4
944,2235.52,536.065,2|3,16460|43746|38143,3
945,2257.86,-8717.37,0,57810,1
946,2260.4,9939.27,0,5961,1
947,2281.59,10332.1,0,54675,1
948,2292.18,-3970.17,,58329|31950|8569,3
949,2313.75,18279,3|4,3610|27311|43326|16700|429|48446|40548|36503|467|42683|33436|47676|2375|35088|62573|3198|10889,17
950,2317.51,-5438.63,0|2|3,39987|12419|18913|56063,4
951,2343.9,-9085.31,0,40073,1
952,2377.83,2986.75,1,20744|33053|4844|50795|58013,5
953,2393.91,-9611.59,0,63926,1
954,2442.74,-17616.4,,26383|8415|26282|27667|23416|56162|65518|62388|30071|59342|47442|59822,12
955,2453.78,-8312.45,0,53266,1
956,2457.39,3459.95,0|2,46224|24045|49799|45019,4
957,2459.2,4266.46,0,26786|18882,2
958,2459.21,-3622.89,0,23764,1
959,2476.38,9574.5,0,5295,1
960,2497.88,-5053.36,0|2,50485|28229|8540|45230|22959,5
961,2503.68,7415.67,0,19288,1
962,2503.68,7792.67,0,38814,1
963,2504.3,-8625.66,0,20387,1
964,2511.05,8731.74,0|2|3|4,43431|20779|50239|19224|32555|9535|24963|42169|61309|51850|37434,11
965,2537.98,11565.8,0,63731,1
966,2568.17,10828.4,0,58814,1
967,2573.06,1485.46,0|2|3,29582|43923|19470|50328|10053|9458,6
968,2577.55,-4030.32,0,4850,1
969,2590.36,5169.65,0|2,11855|56999|44014|30829,4
970,2590.88,-7324.15,0|2|3,58002|55575|45086|34520|23738,5
971,2607.33,-8878.62,0,17024,1
972,2622.75,6605.25,0|1|4,53196|12322|32135|35848|28625|46692|51509|9393,8
973,2634.6,-7995.13,0,35896,1
974,2641.65,-9309.5,0,13738,1
975,2667.71,11496.1,0,52354,1
976,2686.76,-17185.7,0,31223,1
977,2694.54,-2103.71,,4157|55088|34168,3
978,2704.11,-2329.78,,53960,1
979,2724.74,-2058.41,4,36479|36778|12925,3
980,2727.45,2024.66,0|2|4,61312|20831|29843|55397|44527|44875,6
981,2730.83,11768.9,0|1|2|4,9020|244|41171|37767|6596|36341|35118,7
982,2744.59,-3760.9,0,35503,1
983,2753.29,-2001.95,2|3,34233|14725|32545|16123,4
984,2756.47,5912.5,1|3|4,31745|3234|3624|10927|9272|18470|4447|12906,8
985,2767.92,0.425,0,13844,1
986,2770.83,1599.66,0,19104,1
987,2776.83,7019.78,0,52568,1
988,2785.02,-8428.64,0,53560,1
989,2787.39,-5900.44,0|1,34984|12661|44917|18895|703|10552,6
990,2795.71,10440.4,1|2,12465|30040|56016|65149|35594|26830,6
991,2802.27,-8676.29,0,13576,1
992,2806.74,4311.96,0,64352,1
993,2810.3,-9096.02,0,37372,1
994,2880.86,9533.6,0,12337,1
995,2886.44,-3430.12,1|2,25281|10677|56638|53935,4
996,2886.7,-4100.44,0,7405,1
997,2890.88,2251.96,0,48585,1
998,2898.16,-5489.12,0|2,31517|11722|62431,3
999,2899.54,2850.56,0|2,13341|56841|18451|63255,4
1000,2918.45,7099.38,0,62779,1
1001,2922.78,-10114.2,,62230|19355|37974,3
1002,2922.78,-9973.75,0|1|2|3|4,39567|50816|50755|10159|4828|25026|36379|31977|19044|3567|33345|10314|61923|16256|53188,15
1003,2935.56,-1694.84,2|3,21336|15975|62984|58182|7344|26931,6
1004,2939.76,-2768.08,0,8975,1
1005,2946.52,4969.56,,44487|45137|39884|40271,4
1006,2947.79,4537.32,0,44345,1
1007,2995.2,8568.45,0|4,20504|52836|56806|11980|62341,5
1008,3017.04,-8315.27,0,46157,1
1009,3028.9,6994.96,0,3665,1
1010,3038.31,11084.5,1|3,50516|41447|31626|59661|13610|2814|26952|12245|19749,9
1011,3049.32,-6418.35,1|2|3,38614|25827|55241|44201|27662,5
1012,3052.85,-8723.72,0,37806,1
1013,3086.31,5345.94,0,42250,1
1014,3105.36,2128.06,0,40630,1
1015,3109.38,1336.95,0|2|4,6772|30695|13783|56472|22795|42781,6
1016,3112.88,7440.94,0,17118,1
1017,3112.88,7857,0,20049|30252|32818|48135|12750,5
1018,3113.62,-17480.4,0,50192,1
1019,3113.83,7213.29,0,32185,1
1020,3116.47,-1389.24,2|3,63064|65437|30634|54413,4
1021,3129.06,-6970.48,0,26214,1
1022,3144.14,3080.1,0,30047,1
1023,3145.56,-1331.11,4,40068|53149|32683,3
1024,3195.27,2366.42,0,56325,1
1025,3201.16,-18566.4,0,3165,1
1026,3203.89,9325.66,0,53965,1
1027,3203.92,0.425,3,24825|34136|29479,3
1028,3228.15,4292.78,0,48833,1
1029,3247.77,3615.89,0,57517,1
1030,3249.41,4552.82,0,4,1
1031,3255.08,-5628.71,0,46034,1
1032,3266.72,-8000,0,55668,1
1033,3269.96,-7564.13,2,55420|30061|31908|5594|50107|50881,6
1034,3272.71,-7565.73,0,8785,1
1035,3284.63,-9003.35,0,29240,1
1036,3312.53,4003.79,0|2,25170|19442|30820|8606,4
1037,3369.01,-1178.15,,13411,1
1038,3386.17,9912.71,0|2|3,33946|34074|57227|23259|22864|57966,6
1039,3395.61,6043.67,2,16484,1
1040,3395.61,6863.03,0|2|4,32943|22368|47088|8789|16938|29930|63182|37266,8
1041,3398.9,1369.34,0,55429,1
1042,3414.8,3529.44,1|2|3,36630|60829|29941|28268,4
1043,3433.98,1627.23,0,19808,1
1044,3444.63,-9280.49,0,57513,1
1045,3446.89,-7266.34,,25557,1
1046,3498.09,2467.05,0,21280,1
1047,3507.9,5460.57,0|2,41770|9441|5077|33080|43254|33400,6
1048,3512.67,4752.05,0,11578,1
1049,3537.82,3734.46,0,20837,1
1050,3541.56,-6134.17,0,41029,1
1051,3551.58,2050.41,,28050,1
1052,3553.55,-5454.76,0|2,31928|50574|19426|15443,4
1053,3555.53,4441.55,0,5564,1
1054,3563.72,-3733.75,0|2,24812|56360|64643|27176,4
1055,3599.3,2962.09,0,36997,1
1056,3607.08,2672.84,0|2|3,53539|46705|45650|9572|12822,5
1057,3632.11,-2981.28,0|1,17548|14958|630|13419|31039,5
1058,3636.66,10787.4,2,10671|23419|55930|5740|40687,5
1059,3638.69,1581.38,0,22049,1
1060,3641.03,-482.855,0|1,24239|55846|40213|24481,4
1061,3650.57,8506.92,0|2|3|4,62510|3985|43423|8697|30905|64140|51336|56818|38895|48660,10
1062,3660.16,3626.42,0,49473,1
1063,3668.09,-8216.37,0|1,47754|23455|49740|55847|27274,5
1064,3703.88,-9989,2|3,63861|55947|13823|46088|62153|32054,6
1065,3733.3,5789.19,0,25100,1
1066,3771.31,-7094.88,0|1,25620|26804|55405|59909|30539|9083,6
1067,3772.62,-10338.8,0,10131,1
1068,3772.84,10291.5,0,51048,1
1069,3776.11,2965.62,0|2,27761|5826,2
1070,3779.38,3832.89,0,61104,1
1071,3782.58,-10845.2,0|2|3,39280|55568|44669|32951|14127|44690|41522,7
1072,3832.63,-9003.35,0|3,11838|10881|33112|36450,4
1073,3842.13,-4910.29,0|3|4,5257|55507|22359|9141|13748|38338|35760|16367|60692|5703,10
1074,3849.74,-1186.7,0,5702,1
1075,3855.19,-2510.92,1|2,38676|27910|53938|64056|36931,5
1076,3856.59,-2226.59,0,56045,1
1077,3857.5,-5882.32,0|3,44563|59053|54805,3
1078,3866.11,2806.15,0,13379,1
1079,3888.73,1790.7,0,60505,1
1080,3915.95,4292.71,0,63585,1
1081,3917.46,3195.79,0|1|3,44612|9112|41538|55598|15644,5
1082,3918.15,449.425,0|2,31855|37408|60738|46761,4
1083,3926.82,9716.85,0|2|3,23961|10041|32799|30910|17600|8791|18519|59647|32096,9
1084,3926.84,959.235,1|2|3,38459|61373|63610|5988|38568,5
1085,3941.17,7406.81,1|3,33751|8810|12451,3
1086,3946.1,8993.8,0,14343,1
1087,3992.99,6086.8,,18923,1
1088,3994,-485.915,0,46146|15829|55227,3
1089,4022.98,-4125.73,0|2,21080|1869|27095|48658|14890,5
1090,4031.85,-6354.58,0|2,32509|47614|3688|22219|52351|52260,6
1091,4037.79,5340.36,0,13030,1
1092,4039.97,0.425,,43691|21746|65009|29517|32701,5
1093,4137.88,-2406.01,,24647|61196,2
1094,4182.56,6218.3,0|2|3,37220|50342|5227|17955|46402|51708,6
1095,4188.77,-7809.17,2|3,59651|47821|41654|41033|55872,5
1096,4195.04,9238,0,54746,1
1097,4216.28,4693.55,0|4,41062|47677|14045|33848|31991|65176|36070|9472,8
1098,4219.73,5087.65,0,55,1
1099,4278.42,10564.5,0,38703|63525|8249|16816|53094,5
1100,4283.46,5565.69,0,8510,1
1101,4332.46,-271.815,0,44239|60083|55270,3
1102,4344.88,-9579.04,0|3,55938|41394|56844|40929|43633|40313|58363|10841,8
1103,4347,6925.8,0,9085,1
1104,4350.71,7926.5,0|4,51463|4364|36114|23360|23736|53566|17077,7
1105,4375.94,0.425,0,50469,1
1106,4385.38,9460.25,0,49110,1
1107,4386.25,1960.69,0|2,64851|15030|49545|45693|39658|18831|21324,7
1108,4414.61,-8287.6,2,60974|1506|60324|42339|18744,5
1109,4435.38,-1892.44,0|2|3,12761|19156|53941|17367|62841|12249|17283,7
1110,4438.01,-3100.56,0|2,45481|29408|52765|34300|31888|13862,6
1111,4451.73,7751.52,0,24922,1
1112,4468.06,5319.67,0,40918,1
1113,4480.65,3149.72,0|2|3,26068|37389|28061|35878|50884|53696|37644|46874|7449,9
1114,4488.81,5009.54,0,1773,1
1115,4520.4,-6892.55,0|2,30562|13711|3203|8908|11032,5
1116,4526.88,5794.6,0,36298,1
1117,4536.81,-4967.55,0,33823,1
1118,4542.03,-5257.07,0,4519,1
1119,4542.03,-4689.38,0,20236,1
1120,4542.44,-18072.1,0,58932,1
1121,4562.63,9687.25,0,27262,1
1122,4563.3,4714.06,0,51213,1
1123,4597.23,322.945,0|2,50912|49461|21314|18818,4
1124,4599.58,-6751.84,0,28464,1
1125,4605.3,1275.23,0|2|3,45193|4083|33815|35644|43677,5
1126,4648.31,-8702.96,0,33979,1
1127,4671.12,-2696.8,0,11604,1
1128,4687.08,7330.29,1|2|3|4,49661|49394|23786|33391|56330|39570,6
1129,4693.79,-9892.16,0,3251,1
1130,4703.02,-8121.08,0,4059,1
1131,4705.26,-4974.35,0,4346,1
1132,4748.75,-10725.2,1|3|4,7782|48805|26563|4810|61905|8938|12778|33229|64996,9
1133,4750.42,-10827.1,0,6161,1
1134,4766,3895.65,0|4,42460|11882|46182|33838|64747,5
1135,4782.59,9204.08,0,6912,1
1136,4786.73,9130.06,1|3,20467|23244|29899|58312|49497|21792|16786|19001,8
1137,4788.07,9831.08,0,17702,1
1138,4789.34,6875.05,2,64650|35058|30210|38966,4
1139,4791.75,2293.82,0,1995,1
1140,4795.75,6464.55,0,61976,1
1141,4806.54,-18720.7,0,62797,1
1142,4821.1,-7752.56,2,9510|16695|61926|1603,4
1143,4825,-7747.13,0,32040,1
1144,4849.31,-3488.45,2,7054|47009|37250|21142|55829|1420,6
1145,4859.19,8419.96,0,34201,1
1146,4865.01,-6372.1,0,38668|32664|27671|32681|5188,5
1147,4872.03,-4974.35,4,13724,1
1148,4874.52,10455.4,0|2|3,23343|30392|13157|3775|28106|45244|58388|41016,8
1149,4889.32,-7413.25,0,29763,1
1150,4890.63,-18537.4,0,39241,1
1151,4918.5,-9036.21,0|2,22152|15304|16466|40196,4
1152,4931.31,-4650.65,4,9586,1
1153,4939.08,-9466.17,0|2,36623|3628|64474|31630|10729,5
1154,4944.98,-2386.46,0|2,13367|21713|50588|38969|6010,5
1155,4953.65,2387.3,0,61356|12498|30341,3
1156,4955.38,2861.7,0,63888,1
1157,4989.84,542.395,0,37695,1
1158,4990.13,5788.96,1,50879|14211|43238|22972|44540,5
1159,5001.21,7989.42,2,56729|26308|27017|21349,4
1160,5026.31,-8702.96,0,10382,1
1161,5061.13,-4971.48,0,20677,1
1162,5074.31,-208.975,1|2|3,43877|51522|47895|56493,4
1163,5074.6,585.085,,38044|11813,2
1164,5085.86,7486.56,1|2,64345|49968|63679|20008,4
1165,5094.15,9900.68,0,28142,1
1166,5095.01,174.425,1|2,61263|59446|22115|4544,4
1167,5112.65,2295.51,0,37946,1
1168,5188.48,-751.595,0,46782|53698|20916|59355,4
1169,5193.02,-5200.3,0,9782,1
1170,5193.02,-4742.69,0,535,1
1171,5214.31,-8121.08,2|3,2446|50268|22851|37164|419|63400,6
1172,5250.46,-5999.69,1|2|3,63668|9069|42245|16024|49150|18167|29288,7
1173,5253.69,-17693.2,,17788|23352|26085|2877|33570|28431|59|8611|20772|51142|36696|33141|58751|23710,14
1174,5265.67,5191.09,0|2,49993|40632|48889|28038|3893|64434|56488,7
1175,5279.5,6677.73,0|2,24210|26932|2200|35689|34543,5
1176,5286.04,719.085,0,30456,1
1177,5288.98,-7410.44,1|2|3,39423|47635|53207|56914,4
1178,5300.06,-3797.31,0|2|3,17254|26596|14272,3
1179,5316.81,-1530.6,0,1953,1
1180,5320.34,2650.99,0|2,9275|5704|62166|19337,4
1181,5324.92,-5429.12,0,28021,1
1182,5324.92,-4513.88,0,34621,1
1183,5328.27,10118.5,0,44684,1
1184,5333.76,-6040.15,0,36759,1
1185,5357.15,9935.04,0,54198,1
1186,5368.5,-1842.95,0,40480,1
1187,5371.78,9762.63,0,46961,1
1188,5399.15,3723.01,0|1|2|3,39569|9046|45609|56776|3458|7353|24129,7
1189,5409.48,-6761.17,0,24165,1
1190,5445.28,-9562.99,1,21984,1
1191,5452.61,-10248.4,0|3,18121|45319|55041|26135|35564|2335|65310|51565|22682,9
1192,5457.07,-5200.42,0,44420,1
1193,5457.07,-4742.78,0,38541,1
1194,5472.15,-8445.56,0|2|3,41645|6490|43964|14082|8831,5
1195,5478.57,-1107.81,0,54176,1
1196,5482.17,6073.03,0,7526,1
1197,5544.92,8921.21,0|2,36808|37244|34076|22057|33445|30143|37795,7
1198,5571.69,9486.45,1,46882,1
1199,5579.63,-4981.71,0,61601,1
1200,5581.73,1347.41,0|4,64213|32155|44204|33729|25700|61246|144|41096|45712|12611,10
1201,5585.65,8198.85,0|4,4238|60173|62986|17316|43263|46688|40244|64492,8
1202,5620.6,9982.22,0,5191,1
1203,5646.25,635.095,0|2,11472|19880|59390|40270,4
1204,5646.98,0.515,0,26598,1
1205,5658.94,4004.28,2,32813,1
1206,5658.94,4289.75,1,59600|12208|13619|35809,4
1207,5658.96,4337.05,,49466|9411|30871,3
1208,5664.01,-1616.29,0,23905,1
1209,5699.65,-18720.7,0,2995,1
1210,5749.4,-6287.76,0,4328,1
1211,5749.4,-5672.71,0,3463,1
1212,5749.4,-4981.71,0,42379,1
1213,5833.86,5463.88,0|2,56860|29320|1680|17447|24843,5
1214,5891.44,-6838.35,0|2,38111|10242|6079|32241,4
1215,5924.32,-625.865,1|2,10944|33366|55193,3
1216,5933.04,-2670.25,0|2|3,25971|50635|44423,3
1217,5943.98,7225.03,0|4,11764|38878|54975|26772|45774|34898|24240,7
1218,5948.12,186.785,0|1|2,23915|41529|21380|31284,4
1219,5965.19,-239.805,0,60700|52501|44974,3
1220,5975.67,-4755.44,0,25520,1
1221,5979.38,-1521.97,0|3,27875|55463|32123,3
1222,5988.31,-7475.15,0,50121,1
1223,6015.15,6443.42,2,21572|39050|6660,3
1224,6036.73,1763.34,0|2,31345|30372|42065|55400|37532,5
1225,6071.33,-18384.9,0,2516,1
1226,6098.71,-8410.42,1|2,21801|30748|44369|24150,4
1227,6104.56,8403.35,0|2|3,43720|14383|18568|46601|46887,5
1228,6129.78,9643.2,0,45329,1
1229,6139.19,-5350.4,1|2,4552|17215|17668|50817|61355|29306,6
1230,6170.77,-6134.8,0|2,20820|44628|40166|48544,4
1231,6172.4,-3563.57,0,42750|37691|9050|56453|60138|25851|52695|57230|24958|51741|16705|17088|61834|24062|54351|64927|52464|5766|51416|32016|49984,21
1232,6220.23,4601.9,2|3|4,45100|56928|62350|7163|23013,5
1233,6324.58,-9381.54,0|1,20641|14231|40399|51934|43281|25304|47359|40453|61056,9
1234,6359.19,2826.09,0|3|4,23608|40024|2091|61741|6951|63759|26565|24401,8
1235,6359.63,6827.05,0,39568,1
1236,6365.75,3674.83,3|4,35901|12890|63566|62464|55275|12120|65207|51606|17854,9
1237,6365.75,5562.23,0,43044,1
1238,6365.75,5989.65,2,34853|25458|37568|45370,4
1239,6372.73,-8685.67,0,61403,1
1240,6372.73,-8307.67,0,56349,1
1241,6402.75,9679.75,0,2128,1
1242,6411.76,-4456.86,0|2|3,5009|36270|12169,3
1243,6431.15,-2256.19,2|3,28441|32721|24570|11836|47235|53471|10011|11871,8
1244,6470.71,9436.59,0,11015,1
1245,6488.25,-6987.61,,54725|56336|21208|21748,4
1246,6506.75,-6478.52,0,32399,1
1247,6536.96,-5291.42,0,52191,1
1248,6551.51,876.875,0|2,57088|9421|28086|54557|60170,5
1249,6555.55,-642.865,,45709|26363|52803,3
1250,6555.55,-627.065,0,7412|49291|57945|59356,4
1251,6564.29,-7691.65,,3128|22713|12166,3
1252,6564.44,-7691.65,0,33221,1
1253,6564.44,-7691.65,0,19722|4959|26331|19003,4
1254,6564.69,4176.51,0,42658,1
1255,6576.88,8924.35,0,46431,1
1256,6612.09,-6987.61,0,6570,1
1257,6617.23,9944.27,0,65256,1
1258,6619.11,9595.71,0,40626,1
1259,6636.34,9687.17,0,34845,1
1260,6649.25,8378.88,0,38463,1
1261,6654.65,7621.83,2|3,22329|58526|331|32891|62427|42103|50673,7
1262,6661.76,246.465,2,1631|14001|56893|29049,4
1263,6670.73,9432.42,0,28199,1
1264,6720.04,-1779.61,0,54678,1
1265,6729.48,3890.84,0,60735,1
1266,6734.63,-5492.35,0|2|3|4,57724|26885|34473|20782|42361,5
1267,6735.94,-6987.61,,26268|22710|45111|59214,4
1268,6771.38,8501.01,4,21111|43522|33099,3
1269,6790.3,-6502.08,0,46857,1
1270,6844.88,-9157.81,0|1,52060|17602|59799|7338|59798|5335,6
1271,6846.27,4801,0|2|3,21495|42794|31433|5348,4
1272,6883.65,-5638.13,0,54883,1
1273,6900.54,3596.76,0,26432,1
1274,7001.73,9638.79,0,60273,1
1275,7020.48,-5774.94,0,59775,1
1276,7031.53,7197.76,2|3,6842|28329|18472|46533|3700|36723,6
1277,7037.31,-8704.88,0,32438,1
1278,7059,5648.15,0|2|4,28623|60464|12998|9968|30463|58971|38678,7
1279,7065.9,-3324.15,0|2|3,51871|8045|3042,3
1280,7074.07,9630.67,4,28823|11094|59303,3
1281,7077.07,-4647.67,0|2|3,23547|45798|43944|30102|62578|46615|53177,7
1282,7088.65,0.005,0,14658,1
1283,7088.65,513.165,0,28903|42959|59644|32896|22517,5
1284,7119.01,-8248.39,0,55149,1
1285,7123.27,-7914.57,0,14446,1
1286,7191.57,4152.81,0,11825,1
1287,7236.46,5087.69,0,62185,1
1288,7271.19,-1655.98,0|2|3,48974|47418|63517|23839|53958|51006|10738,7
1289,7273.71,-2633.18,0,64601,1
1290,7273.71,-2313.18,0,41877,1
1291,7300.34,2711.86,0|2,40333|43102|30197|52415|24178|42998|32655|33514,8
1292,7334.57,8277.54,0|3,29285|9745|11774|58513|16602|14418,6
1293,7345.82,2075.69,1|2|3|4,9199|60323|47560|6792|23221|4534|42302|33245|9151|45331|31918,11
1294,7365.71,-6708.34,2|3|4,52971|21227|36290|23046|62936|51891|49976|25528,8
1295,7374.83,-7151.38,0|2,51040|23822|327|58779|9652,5
1296,7384.78,-3775.88,1|2,15424|35151|44453|58157|61149|42760,6
1297,7386.63,-380.495,0|3|4,24120|52053|14048|34717|10495,5
1298,7420.17,-8305.21,0,26762,1
1299,7430.94,7597.17,0,30657,1
1300,7459.44,6789.98,0|1|3|4,22817|42714|22962|58848|55724|58644|10576|29065,8
1301,7466.03,-8440.88,0|2,35380|10058,2
1302,7487.17,5195.85,0,14724,1
1303,7495.21,1196.11,2|3|4,35671|11504|30839|31172,4
1304,7501.94,-8629.84,0,44373,1
1305,7520.58,-906.805,2|3|4,336|4806|49388|37304|64543|61921|38215,7
1306,7559.71,-8913.34,0,6800,1
1307,7559.9,4790.76,0|4,47374|18049|5802,3
1308,7570.55,3482.17,0|2|3,1448|6530|24269|19542,4
1309,7573.53,5472.94,0,32301,1
1310,7632.55,696.885,0|2,15301|10277|64064|4709|35477,5
1311,7645.67,-7774.6,0|2,31692|46197|61333|45702|39237,5
1312,7664.38,1483.08,0|2,49130|58416|1020|54631|30132,5
1313,7678.02,5026.98,0,37813,1
1314,7691.01,-8333.04,0,58022,1
1315,7747,-5468.73,0,52445,1
1316,7749.73,-5462.17,3|4,34324|13457|3630|56838|26034|45631|62624|42805,8
1317,7752.6,-4481.19,4,57821,1
1318,7755.88,-1645.82,0|2,55377|26211|24883|44573,4
1319,7762.38,6434.67,0,59503|22208|60034|6330|15207|4378,6
1320,7764.53,-8668.33,0,5186,1
1321,7768.26,228.335,0,34497,1
1322,7806.6,-2934.34,0,56023,1
1323,7810.1,-4823.01,0,33404,1
1324,7815.76,5381.08,0,50277,1
1325,7818.48,5206.42,3,44932,1
1326,7868.42,-3177.92,0|2|3,52361|57462|53771|12078|33713|26107,6
1327,7874.86,5154.88,0,50701,1
1328,7886.46,-7151.38,0,47976,1
1329,7901.35,8803.79,4,48462|38497|62803|25029,4
1330,7994.25,-1873.69,0,33463,1
1331,7994.25,-996.845,0,49996,1
1332,7994.25,-571.975,0,32183,1
1333,7994.25,0.005,0,12253,1
1334,7994.25,1153.21,0,35696,1
1335,7994.25,2075.69,0,2408,1
1336,7994.25,2711.86,0,42118,1
1337,8000.05,4152.81,0|4,10648|26400|8904,3
1338,8014.32,8180.55,0|1|2|3,63830|44841|45390|13624|59064|44756|28258|36927|36976|55235,10
1339,8073.32,5817.48,1|3|4,55664|16568|63246|34702|60992|31826|33585|24889,8
1340,8122.32,3085.39,0|2,17146|57518|31366|3843|65265,5
1341,8124.67,632.405,0,43453,1
1342,8175.23,-4097.21,0|2|3,62542|45713|39607|2559|16329,5
1343,8177.92,6850.21,0,24786,1
1344,8203.42,-391.255,0,44490,1
1345,8254.56,-2462.39,0,12239,1
1346,8280.06,715.955,0,64050,1
1347,8280.54,369.295,0,54152,1
1348,8281.88,-2509.71,2|3,1599|35173|16013|41811|16140|31286,6
1349,8284.38,-6118.71,0,1416,1
1350,8287.51,1489.62,0,8456|10267|38329,3
1351,8294.62,-1449.59,0|2,5163|48103|26726|52875,4
1352,8325.04,-131.005,0,16401,1
1353,8344.62,-2618.36,0,39881,1
1354,8357.14,1153.21,0,24070,1
1355,8357.5,-6160.65,2|3,19461|38944|43338|5797|22063|64415|56767,7
1356,8363.42,2346.58,0|2|3,33348|11509|17664|7465|11463,5
1357,8365.09,1769.99,0|2,51602|23305|21279|44280|35534,5
1358,8369.01,4523.71,1|2|3,3994|9089|37951|41020|34908,5
1359,8388.6,6235.46,1|2,3431|5305|43082,3
1360,8390.12,-7635.29,0,30077,1
1361,8400.25,166.185,0,24656,1
1362,8409.99,-7674.9,4,7302|52615|33093|25729|37876,5
1363,8433.06,504.455,0,12800,1
1364,8443.67,-719.435,0,61800|52630|28371|60560|29527,5
1365,8444.56,-598.285,0,1514,1
1366,8446.46,6869.13,0,12893,1
1367,8464.96,-3633.16,0,7809,1
1368,8470.97,4890.73,0,54984,1
1369,8506.18,-3240.16,0,56988,1
1370,8512.95,-1003.98,1|2,47831|44522|63762|34541|52743|8734,6
1371,8553.74,2712.82,1|2,12174|18864|49107|54562|49485|2745,6
1372,8601.56,-234.445,0,43090,1
1373,8602.39,-5782.69,0|2|3|4,32672|23362|4031|17871|13701|9928|50403,7
1374,8629.29,605.385,0,8896,1
1375,8660.79,276.645,0,15814,1
1376,8684.39,-6347.76,0,59538,1
1377,8692.14,1153.21,0|3,58397|19338|31647,3
1378,8704.67,6828.76,0,65167,1
1379,8732.17,4438.38,0|2,25055|13799|41580|36576|41298,5
1380,8733.08,-3633.16,0,60483,1
1381,8733.08,-3371.16,0,36540,1
1382,8744.6,-4572.62,2,25070|11252|32903|39911|25361,5
1383,8801.96,2075.59,1|2|3,19074|8560|31273|35985|13987|48531|56761|7604|17372,9
1384,8833.93,6608.57,0,712,1
1385,8835.76,6604.98,0,24948,1
1386,8847.14,7072.15,0|2|3|4,36071|38369|35223|36677|13895|61112|18910|21225|10265|9240|19767|55680|9227,13
1387,8862.17,5791.31,2,15625|23253|65161|3170|22811,5
1388,8862.26,-3861.86,0,18717,1
1389,8886.25,6141.88,0,24287,1
1390,8922.01,-4178.25,0,8273,1
1391,8927.04,4861.35,0|2,51241|50420|55118|31364,4
1392,8940.31,-1873.69,1|2|3,60210|6078|64325|45304|61119|63431,6
1393,8971.45,474.225,0|2,1801|60|58426|34401,4
1394,8992.39,-3633.64,0,15356,1
1395,8993.62,-3178.16,0,40990,1
1396,9027.14,1153.21,0,2334,1
1397,9053.85,1471.47,0,27704,1
1398,9119.2,6374.82,0,14226,1
1399,9124.17,-3861.86,0,17420,1
1400,9125.5,-3407.73,0,18815,1
1401,9152.09,-4119.84,2,25565,1
1402,9189.45,3777.45,0,34478,1
1403,9207.96,-758.575,0|2|3,53150|17589|45012|8246|37742|64462|37548|15270|36085,9
1404,9212.92,-2.425,0,41017,1
1405,9257.6,-2702.28,0|3,59657|58692|58593|49356|60239|15343|26556|18314|42078,9
1406,9287.06,3103.82,0,36364,1
1407,9288.71,3526.05,0,43064,1
1408,9329.96,-5015.5,0|2,10162|3336|36231|30615|65204,5
1409,9400,4449.79,0,37242|59368|61215|9532|16871|54031,6
1410,9400.47,5023.83,,22927|20582|29246,3
1411,9437.62,3691.67,0,56701,1
1412,9455.83,2570.72,0,52257,1
1413,9458.47,-3946,0,22726,1
1414,9465.68,5354.06,0|4,27422|2021|17687|10472|25857,5
1415,9477.71,3854.15,0,62096,1
1416,9507.95,2888.65,0,63600,1
1417,9512.58,-5497.3,0,31765,1
1418,9516.92,-7180.28,4,37616|8644|33964|64295|27834|63659|37688|27417|62496|34912|4664|43938|34449,13
1419,9527.62,5500.5,0,34015,1
1420,9566.38,3484.69,0,47853,1
1421,9588.39,-215.505,1|2,27513|65498|39307|7294|37026,5
1422,9590.33,-3478.67,0|2,44891|55835|20909|52537|7023,5
1423,9649.45,5859.96,0|2|3,59083|32364|1073|32858|1205|14882|5048|261,8
1424,9696.74,2772.94,0,57069,1
1425,9712.8,4026.57,0,63192,1
1426,9720.67,1153.21,0,65091|1841|38728|44776|3209|14539|9405|51707|59720|41163,10
1427,9731.16,3030.3,0,62998,1
1428,9738.29,3696.59,0,28414,1
1429,9754.7,-1887.15,0|3|4,45382|28859|53265,3
1430,9755.52,-4566.29,0,722,1
1431,9759.71,-5970.48,0|2|3,35095|19359|41886|9663|52245,5
1432,9764.39,6540.17,0,20105,1
1433,9805.18,2135.11,0,65212|32543|34968|58539|60899|64637,6
1434,9826.06,4319.11,0,48116,1
1435,9855.92,3274.55,0,41861,1
1436,9860.54,353.555,0|2,21156|19027|34623|40471|14769|7847,6
1437,9947.79,2860.79,0,20649,1
1438,9959.33,-2457.79,1|2,29990|47477|51774|36217|47021|34425,6
1439,10006.4,2637.88,0,65290,1
1440,10039.3,-5356.19,0,16121|61421|56334|46171|41753,5
1441,10048.6,0.005,0,14262,1
1442,10080.5,5416.44,3|4,12116|52410|20414|55329|42036|35043|50146,7
1443,10082.8,4865.9,0|3,18624|17523|42032|30408|39608|12329|1778|17906,8
1444,10091.6,-5603.69,,49320|30973,2
1445,10091.7,-3334.83,0,15775,1
1446,10100.4,-1227.6,2|3,3640|28963|7888|17724|17101|25362|37780,7
1447,10112.6,-1237.84,0,23105,1
1448,10184.1,3019.63,0,2582,1
1449,10203.1,1730.1,1|2|3,60891|18897|64990|53185,4
1450,10290.9,-481.595,0|2,47514|38342|21945|61718|26572|54545|39128,7
1451,10299.9,-3717.25,0|2,29959|60362|6891|56265|42802,5
1452,10370.9,533.975,2|3,17792|34892|12066|42226|48734,5
1453,10379,-2278.35,0,30808,1
1454,10420.8,2130.08,0,27705,1
1455,10451.5,3456.48,0|2|3,28835|60480|56847|8157|178|28044|43088|6988,8
1456,10504,-3050.26,0,326,1
1457,10614.8,-3021.26,0,59694,1
1458,10650.1,2504.32,3,3543|31825|20787|5390|16142,5
1459,10657.3,-5268.96,0,632,1
1460,10682,1152.07,0,48773,1
1461,10682.3,4548.52,2|3|4,34612|25992|60764|11526|31055|44141|7651|21788|21112|8573|25586,11
1462,10688,-3515.65,0|2|3,2361|37514|31449|9444|52399|2113|34316|61632|4536|11598|44516,11
1463,10699,-1058.34,0,14267,1
1464,10704,-3595.77,0,28638,1
1465,10769.3,-4040.33,0,64700,1
1466,10793.4,4578.32,0,18969,1
1467,10794.6,-5031.25,0,52215,1
1468,10801.9,-4373.44,,3419|28797|20429,3
1469,10802.3,-2128.64,1|2|3,46152|40110|42347|8302|4467|42974,6
1470,10852.7,5275.51,0,38993,1
1471,10878.5,-4005.64,0,32442,1
1472,10949.1,3186.63,1|2|3,53272|2560|20044|30736|52180,5
1473,10978.5,-82.245,1,32763,1
1474,11005.8,1424.1,2,41873|55995|57970|21537,4
1475,11024,2449.53,0,27048,1
1476,11025.4,-2615.56,1|2|3,43867|10423|37905|57571|28101,5
1477,11048,-5335.92,0|2|3,56366|54058|35755|4423|62001,5
1478,11053.8,2092.2,0,39495,1
1479,11095.7,-797.845,0|2,38212|57683|1499|33830|35031,5
1480,11202.4,4037.83,0,328,1
1481,11230.9,-1058.34,0,28976,1
1482,11305.3,2677.45,0,47375,1
1483,11330.5,1564.9,0,39986,1
1484,11355.4,-1515.36,2|3,6030|2500|15986|29458|2134|53595|9703|1723|38628,9
1485,11356,617.125,0|2|4,38493|38537|13407|39369|55621|2936|23040|54983|51583,9
1486,11403.3,1937.84,0,46386,1
1487,11480.8,-1058.34,0,23374,1
1488,11588.9,2604.19,0,63618,1
1489,11726.6,2342.66,0,37971,1
1490,11768.8,1960.45,0,57933,1
1491,11961.4,-8422.8,4,29322|38263|15622|42151|27091|58418|1226|52001|4991|56451|13317|37563|36668|1894|60377|30803|45406,17
1492,12068.2,1163.81,0|4,52800|57615|32319|48836|33542,5
1493,12070.4,2129.97,0,16150,1
1494,12118.1,2530.75,0,47443,1
1495,12345.7,2292.24,0,44699,1
1496,12484.5,2765.08,0,31129,1
1497,12637.9,2423.74,0,10315,1
1498,13334.1,6954.44,0|3|4,2373|50878|30837|7336|55373|11023|48655|43835|42936|9529|21719|33201|5363|34963|14957|47937|24665,17
1499,13453.3,-10429.8,0|3|4,12799|29307|22050|20159|1053|19530|11312|63282|49159|36460|42596|33215|30998|43404|10414|25344|5162,17
1500,14370.4,-8539.33,2|4,45769|9707|30145|30024|64016|12504|59432|28353|38102|48915|37921|62818|6971|2357|13794|42657|50198,17
1501,14381,5800.98,0,24226,1
1502,14470,4812.44,2|3,12033|42416|46854|61461|3987|24295|49165|39723|46990,9
1503,14561.8,5351.3,0,30,1
1504,14664.1,5725.15,0,29871,1
1505,14729.5,-3258.67,3|4,8143|65173|7621|23587|64031|63713|52448|12876|63236|23415|13065|16100|17268|25434|55611|29133|57181|44357|27686|9994,20
1506,14928.3,5179.94,0,59542,1
1507,14947.1,5649.31,0,59913,1
1508,14981.1,4624.1,0,5817,1
1509,15021.9,5016.94,0,41875,1
1510,15124.3,-6249.62,1|3|4,41751|61586|19370|17356|39552|51546|1739|39595|53280|65228|52295|34081|57449|36643|20437|37604|11495,17
1511,15373.8,4134.21,0,23508,1
1512,15425.7,4422.57,0,35801,1
1513,15435.6,6794.23,,61991|24868|29074|14508|33736|9798|1583,7
1514,15478.8,4710.73,0,37336,1
1515,15939.3,6339.73,0,38004,1
1516,15939.3,6460.73,0,9710,1
1517,16044.1,6279.23,0,18940,1
1518,16044.1,6400.23,0,57141,1
1519,16044.1,6899.92,0,49503,1
1520,16148.9,6338.33,0,56618,1
1521,16148.9,6460.73,0,58379,1
1522,16325.8,6899.92,0,16,1
1523,16389.7,6661.26,0,41619,1
1524,16501.8,6789.73,0,57253,1
1525,16578.8,6892.92,0,16433,1
1526,16578.8,7175.17,0,12183,1
1527,16582.5,6188.03,0,46454,1
1528,16582.5,6520.23,0,36676,1
1529,16657.7,6789.71,0,12795,1
1530,16767.9,6660.26,0,40,1
1531,16832.5,6899.92,0,39292,1
1532,17068.2,5003.15,0,35187,1
1533,17089.2,-4645.15,,18826|34567|3781|25781|59759|50098|52395|41076|31116|34817|17923|60251|47344|36788|24475|1347|11771|25779|25885|32771|74,21
1534,17403,5239.3,0,41008,1
1535,17447.4,-4119.15,0,664,1
1536,17473,4968.58,0,42441,1
1537,17553.8,-4300.82,0,26283,1
1538,17635.2,5155.06,0,43095,1
1539,17657.2,-4117.79,0,56331,1
1540,17869.6,5440.52,0,528,1
1541,17979.2,5031.73,0,19233,1
1542,18015,7131.15,3|4,41401|27773|62743|765|46070|4367|39887|56489|28254|26294|62702|37769|21519|62424|41085|45228|5733|63493,18
1543,18202.2,5307,0,55796,1
1544,18386,5659.28,0,9294,1
1545,18536.8,5093.42,0,7979,1
1546,18743,5659.28,0,46071,1
1547,18769.2,5458.94,0,35033,1
1548,18846.7,5272.28,0,60662,1
1549,18923.7,5066.02,,41736,1
1550,19245.4,5152.57,0,2702,1
1551,19301.1,7557.78,0,7068,1
1552,19423,4802.1,0,3065,1
1553,19517,5152.57,0,63254,1
1554,19517,5382.8,0,6109,1
1555,19610.8,4802.21,0,47312,1
1556,19683.7,7892.81,0,3223,1
1557,19778.6,5152.57,0,5563,1
1558,20236,7966.04,0,34785,1
1559,20731.9,7069.32,0,18280,1
1560,20951.5,7487.17,0,62804,1
1561,20967,7709.04,0,17058,1
1562,20967,7966.04,0,42017,1
1563,20967,8223.04,0,58574,1
1564,21033.7,7111.65,0,37972,1
1565,21105.6,7372.78,,36365,1
1566,21267.8,7257.88,0,4891,1
1567,21311.1,7621.8,0,58149,1
1568,21360,6508.8,0,37046,1
1569,21491.7,7497.75,0,60859,1
1570,21533.2,7093.73,0,30233,1
1571,21668.5,7437.71,0,22661,1
1572,21814.3,7038.65,0,11776,1
